origin,final_dest,path,legs,pkgs,cube_cuft,truncated,cost_cents,touch_cents,delivered,on_time,transit_ticks,promise_ticks
BOSC,BOSN,BOSC>BOSN,1,11448,9575.136,false,588224,515020,11448,2326,1258389,1099008
BOSC,BOSS,BOSC>BOSS,1,10246,8571.798,false,534869,461240,10246,2082,1128179,983616
BOSC,WORC,BOSC>WORC,1,6120,5112.274,false,333365,275100,6120,1150,676335,587520
BOSC,PROV,BOSC>PROV,1,8600,7185.066,false,464199,387100,8600,1724,946644,825600
BOSC,HRTF,BOSC>HRTF,1,9530,7980.74,false,527225,428900,9530,1907,1051559,914880
BOSC,NRJY,BOSC>NJSC>NRJY,2,1414,1179.492,false,318287,127120,1414,356,286989,271488
BOSC,BKLY,BOSC>NJSC>BKLY,2,1846,1544.188,false,414124,165880,1846,374,380853,354432
BOSC,QUEE,BOSC>NJSC>QUEE,2,1690,1412.862,false,376696,152400,1690,461,341355,324480
BOSC,PHLA,BOSC>NJSC>QUEE>PHLA,3,2185,1824.189,false,641877,295500,2185,426,653884,629280
NJSC,BOSN,NJSC>BOSC>BOSN,2,23066,19305.586,false,2652675,2075880,23066,13176,3929535,4428672
NJSC,BOSS,NJSC>BOSC>BOSS,2,20726,17345.092,false,2400430,1865280,20726,12011,3511591,3979392
NJSC,WORC,NJSC>BOSC>WORC,2,12449,10415.621,false,1475215,1121520,12449,6999,2130564,2390208
NJSC,PROV,NJSC>BOSC>PROV,2,17861,14921.616,false,2102668,1607280,17861,10436,3025080,3429312
NJSC,HRTF,NJSC>BOSC>HRTF,2,21088,17618.531,false,2509989,1897240,21088,12481,3554145,4048896
NJSC,NRJY,NJSC>NRJY,1,50824,42497.605,false,2636985,2286960,50824,30740,4715202,4879104
NJSC,BKLY,NJSC>BKLY,1,66626,55713.48,false,3429947,2997240,66626,54836,5441290,6396096
NJSC,QUEE,NJSC>QUEE,1,60285,50381.29,false,3076458,2712500,60285,50545,4627323,5787360
NJSC,BRWX,NJSC>BRWX,1,32504,27186.877,false,1738875,1462360,32504,6368,3588457,3120384
NJSC,LNIS,NJSC>QUEE>LNIS,2,33495,28014.412,false,3448390,3015600,33495,18876,5639821,6431040
NJSC,CNJY,NJSC>CNJY,1,20301,16974.46,false,1120423,913240,20301,4013,2237887,1948896
NJSC,SWCT,NJSC>SWCT,1,15218,12725.534,false,1053584,685120,15218,3008,1676108,1460928
NJSC,PHLA,NJSC>QUEE>PHLA,2,34823,29099.752,false,3822691,3135440,34823,19420,5882052,6686016
NJSC,SOJY,NJSC>PHSC>SOJY,2,17345,14476.211,false,1803377,1560800,17345,8044,3136075,3330240
NJSC,WILM,NJSC>PHSC>WILM,2,9432,7882.804,false,1018098,849560,9432,5863,1561845,1810944
NJSC,LEHI,NJSC>PHSC>LEHI,2,11725,9803.253,false,1302196,1055200,11725,7269,1945717,2251200
NJSC,BALT,NJSC>PHSC>BASC>BALT,3,18715,15635.75,false,2992559,2527200,18715,15424,4538903,5389920
NJSC,DCMD,NJSC>PHSC>BASC>DCMD,3,22305,18645.271,false,3579213,3011400,22305,20263,5213788,6423840
NJSC,NOVA,NJSC>PHSC>BASC>NOVA,3,21956,18355.38,false,3535096,2963520,21956,19249,5208053,6323328
NJSC,RICH,NJSC>PHSC>BASC>RMSC>RICH,4,13038,10902.115,false,2788049,2346080,13038,12358,4154184,5006592
NJSC,FRED,NJSC>PHSC>BASC>RMSC>FRED,4,6174,5157.159,false,1420950,1112640,6174,5568,2028913,2370816
NJSC,HMPT,NJSC>PHSC>BASC>RMSC>RICH,4,9808,8194.014,true,2675406,2179115,9808,8935,4141512,4707840
NJSC,CHAR,NJSC>PHSC>BASC>RMSC>CLTC,4,8494,7115.749,true,2466992,1913300,8494,7805,3542655,4077120
NJSC,GSBO,NJSC>PHSC>BASC>RMSC>CLTC,4,3740,3132.186,true,1174309,842000,3740,3408,1589609,1795200
NJSC,RDUH,NJSC>PHSC>BASC>RMSC>RICH,4,5310,4456.043,true,1838739,1196000,5310,4786,2246253,2548800
NJSC,GVIL,NJSC>PHSC>BASC>RMSC>CLTC,4,2356,1975.599,true,864299,531200,2356,2161,999095,1130880
NJSC,ATSO,NJSC>PHSC>BASC>RMSC,3,6041,5053.84,false,1417959,1088160,0,0,0,3479616
NJSC,ATNO,NJSC>PHSC>BASC>RMSC,3,5264,4403.461,false,1238164,947840,0,0,0,3032064
NJSC,ATHN,NJSC>PHSC>BASC>RMSC,3,2742,2295.766,false,643462,493120,0,0,0,1842624
QUEE,NRJY,QUEE>NJSC>NRJY,2,4522,3776.417,false,543067,406760,4522,1368,907163,868224
QUEE,BKLY,QUEE>NJSC>BKLY,2,5950,4961.252,false,709793,535000,5950,1365,1221101,1142400
QUEE,BRWX,QUEE>NJSC>BRWX,2,2909,2422.254,false,356070,260920,2909,568,602026,558528
QUEE,LNIS,QUEE>LNIS,1,3023,2530.726,false,157287,136620,3023,610,323518,290208
QUEE,CNJY,QUEE>NJSC>CNJY,2,1744,1455.135,false,217320,156520,1744,320,362169,334848
QUEE,PHLA,QUEE>PHLA,1,1707,1428.534,false,100177,76880,1707,370,181878,163872
PHSC,BOSN,PHSC>NJSC>BOSC>BOSN,3,7958,6652.226,false,1354876,1074060,7958,6579,1926666,2291904
PHSC,BOSS,PHSC>NJSC>BOSC>BOSS,3,7159,5981.628,false,1224252,966180,7159,5873,1733746,2061792
PHSC,WORC,PHSC>NJSC>BOSC>WORC,3,4287,3579.555,false,746854,578340,4287,3550,1034013,1234656
PHSC,PROV,PHSC>NJSC>BOSC>PROV,3,6145,5137.78,false,1064467,829500,6145,5048,1486774,1769760
PHSC,HRTF,PHSC>NJSC>BOSC>HRTF,3,7262,6080.664,false,1268985,980640,7262,5968,1757387,2091456
PHSC,NRJY,PHSC>NJSC>NRJY,2,6232,5206.421,false,665189,560760,6232,3407,1158524,1196544
PHSC,BKLY,PHSC>NJSC>BKLY,2,8178,6838.003,false,868823,735440,8178,6607,1417168,1570176
PHSC,QUEE,PHSC>NJSC>QUEE,2,7393,6178.718,false,783852,666040,7393,5895,1235182,1419456
PHSC,BRWX,PHSC>NJSC>BRWX,2,3984,3333.444,false,439526,357920,3984,1248,779792,764928
PHSC,LNIS,PHSC>NJSC>QUEE>LNIS,3,4108,3436.913,false,663351,554760,4108,2873,1027220,1183104
PHSC,CNJY,PHSC>NJSC>CNJY,2,2540,2125.035,false,285447,228200,2540,732,501118,487680
PHSC,SWCT,PHSC>NJSC>SWCT,2,1861,1555.476,false,251658,167480,1861,535,366778,357312
PHSC,PHLA,PHSC>PHLA,1,65208,54523.152,false,3331424,2934320,65208,57260,5169331,6259968
PHSC,SOJY,PHSC>SOJY,1,32262,26985.57,false,1606974,1451780,32262,3969,3795123,3097152
PHSC,WILM,PHSC>WILM,1,18033,15070.333,false,958366,811520,18033,3563,1988039,1731168
PHSC,LEHI,PHSC>LEHI,1,21272,17787.697,false,1195481,957280,21272,4160,2344143,2042112
PHSC,BALT,PHSC>BASC>BALT,2,12734,10638.748,false,1340449,1146320,12734,6877,2322863,2444928
PHSC,DCMD,PHSC>BASC>DCMD,2,15199,12703.514,false,1601899,1367520,15199,11208,2596748,2918208
PHSC,NOVA,PHSC>BASC>NOVA,2,14965,12519.27,false,1598244,1346400,14965,10457,2584374,2873280
PHSC,RICH,PHSC>BASC>RMSC>RICH,3,10243,8540.17,false,1650013,1383060,10243,8646,2475574,2949984
PHSC,FRED,PHSC>BASC>RMSC>FRED,3,4858,4063.336,false,838541,655260,4858,3640,1210309,1399104
PHSC,HMPT,PHSC>BASC>RMSC>RICH>HMPT,4,7667,6405.094,false,1658042,1357155,7667,5518,2644518,2944128
PHSC,CHAR,PHSC>BASC>RMSC>CLTC>CHAR,4,4337,3620.993,false,1015666,780320,4337,3660,1463328,1665408
PHSC,GSBO,PHSC>BASC>RMSC>CLTC>GSBO,4,1912,1600.003,false,480637,345120,1912,1403,663693,734208
PHSC,RDUH,PHSC>BASC>RMSC>RICH>RDUH,4,2708,2257.389,false,769865,486880,2708,1938,934570,1039872
PHSC,ATSO,PHSC>BASC>RMSC,2,3089,2584.347,false,557780,418080,0,0,0,1482720
PHSC,ATNO,PHSC>BASC>RMSC,2,2690,2249.928,false,484822,362700,0,0,0,1291200
PHSC,ATHN,PHSC>BASC>RMSC,2,1406,1173.046,false,252994,189720,0,0,0,809856
BASC,BOSN,BASC>PHSC>NJSC>BOSC>BOSN,4,1613,1345.928,false,380304,290080,1613,656,608229,619392
BASC,BOSS,BASC>PHSC>NJSC>BOSC>BOSS,4,1450,1207.018,false,343046,260000,1450,567,548581,556800
BASC,HRTF,BASC>PHSC>NJSC>BOSC>HRTF,4,1479,1232.987,false,358221,265440,1479,580,558686,567936
BASC,NRJY,BASC>PHSC>NJSC>NRJY,3,1461,1224.091,false,248974,197220,1461,475,429251,420768
BASC,BKLY,BASC>PHSC>NJSC>BKLY,3,1918,1598.495,false,323672,258660,1918,801,549120,552384
BASC,QUEE,BASC>PHSC>NJSC>QUEE,3,1728,1439.161,false,291377,233760,1728,828,485628,497664
BASC,PHLA,BASC>PHSC>PHLA,2,6514,5454.505,false,713786,586120,6514,2502,1287480,1250688
BASC,SOJY,BASC>PHSC>SOJY,2,3216,2680.685,false,342272,289480,3216,645,663049,617472
BASC,WILM,BASC>PHSC>WILM,2,1825,1526.442,false,202697,164200,1825,369,376143,350400
BASC,LEHI,BASC>PHSC>LEHI,2,2168,1815.279,false,248319,195840,2168,389,448793,416256
BASC,BALT,BASC>BALT,1,19969,16704.498,false,998331,898860,19969,7174,2081985,1917024
BASC,DCMD,BASC>DCMD,1,24223,20250.764,false,1213045,1089720,24223,14677,2223772,2325408
BASC,NOVA,BASC>NOVA,1,23914,19978.707,false,1227448,1076060,23914,14498,2197892,2295744
BASC,RICH,BASC>RMSC>RICH,2,5777,4827.291,false,603464,520160,5777,4034,1019322,1109184
BASC,FRED,BASC>RMSC>FRED,2,2748,2298.323,false,313692,247440,2748,965,526816,527616
BASC,HMPT,BASC>RMSC>RICH>HMPT,3,4233,3542.276,false,672154,558905,4233,1352,1220324,1219104
BASC,CHAR,BASC>RMSC>CLTC>CHAR,3,2357,1968.44,false,411174,317940,2357,1264,653428,678816
BASC,RDUH,BASC>RMSC>RICH>RDUH,3,1475,1239.961,false,332925,199200,1475,450,426284,424800
RMSC,PHLA,RMSC>BASC>PHSC>PHLA,3,1898,1586.86,false,329214,255960,1898,673,560375,546624
RMSC,BALT,RMSC>BASC>BALT,2,2467,2062.344,false,271290,221960,2467,958,488890,473664
RMSC,DCMD,RMSC>BASC>DCMD,2,3069,2570.45,false,341624,276120,3069,1345,599473,589248
RMSC,NOVA,RMSC>BASC>NOVA,2,3080,2572.662,false,346676,277800,3080,1210,609494,591360
RMSC,RICH,RMSC>RICH,1,11673,9766.458,false,580379,525020,11673,7333,1041641,1120608
RMSC,FRED,RMSC>FRED,1,5269,4398.161,false,311534,237260,5269,1072,579091,505824
RMSC,HMPT,RMSC>RICH>HMPT,2,8367,7003.312,false,874824,733015,8367,1713,1694666,1606464
RMSC,CHAR,RMSC>CLTC>CHAR,2,2030,1698.703,false,241235,183200,2030,880,393360,389760
CLTC,BOSN,CLTC>RMSC>BASC>PHSC>NJSC,4,2819,2363.528,true,1108327,760560,2819,1536,1556242,1623744
CLTC,BOSS,CLTC>RMSC>BASC>PHSC>NJSC,4,2541,2129.794,true,1011118,687840,2541,1393,1401387,1463616
CLTC,WORC,CLTC>RMSC>BASC>PHSC>NJSC,4,1521,1273.105,true,623259,411840,1521,856,836913,876096
CLTC,PROV,CLTC>RMSC>BASC>PHSC>NJSC,4,2189,1831.764,true,888712,590160,2189,1203,1207010,1260864
CLTC,HRTF,CLTC>RMSC>BASC>PHSC>NJSC,4,2587,2167.608,true,1060044,700080,2587,1414,1429213,1490112
CLTC,NRJY,CLTC>RMSC>BASC>PHSC>NJSC,4,1655,1380.901,true,544603,371500,1655,860,767118,794400
CLTC,BKLY,CLTC>RMSC>BASC>PHSC>NJSC,4,2173,1819.012,true,700725,488600,2173,1198,994624,1043040
CLTC,QUEE,CLTC>RMSC>BASC>PHSC>NJSC,4,1964,1643.381,true,641408,442300,1964,1139,895473,942720
CLTC,PHLA,CLTC>RMSC>BASC>PHSC>PHLA,4,4636,3879.988,false,1147208,834960,4636,2547,1716478,1780224
CLTC,SOJY,CLTC>RMSC>BASC>PHSC>SOJY,4,2290,1914.62,false,584013,412800,2290,882,870301,879360
CLTC,LEHI,CLTC>RMSC>BASC>PHSC>LEHI,4,1529,1278.148,false,428558,274640,1529,599,580810,587136
CLTC,BALT,CLTC>RMSC>BASC>BALT,3,5817,4861.925,false,1054253,786240,5817,3078,1604532,1675296
CLTC,DCMD,CLTC>RMSC>BASC>DCMD,3,7213,6028.46,false,1306415,974160,7213,4302,1957999,2077344
CLTC,NOVA,CLTC>RMSC>BASC>NOVA,3,7294,6090.898,false,1333185,985080,7294,4290,1996384,2100672
CLTC,RICH,CLTC>RMSC>RICH,2,11842,9908.584,false,1455476,1066360,11842,9469,1984120,2273664
CLTC,FRED,CLTC>RMSC>FRED,2,5301,4427.613,false,697443,476880,5301,2608,944070,1017792
CLTC,HMPT,CLTC>RMSC>RICH>HMPT,3,8780,7340.207,false,1568393,1173180,8780,3012,2508685,2528640
CLTC,CHAR,CLTC>CHAR,1,40523,33875.19,false,2055414,1824320,40523,16167,4124883,3890208
CLTC,GSBO,CLTC>GSBO,1,16225,13567.557,false,987214,730100,16225,3197,1788445,1557600
CLTC,RDUH,CLTC>RDUH,1,22038,18434.912,false,1429245,991620,22038,4341,2430757,2115648
CLTC,GVIL,CLTC>GVIL,1,11172,9350.261,false,888738,502880,11172,2151,1233167,1072512
CLTC,ATSO,CLTC,0,7640,6391.446,false,0,0,0,0,0,1466880
CLTC,ATNO,CLTC,0,6638,5540.362,false,0,0,0,0,0,1274496
CLTC,ATHN,CLTC,0,3472,2906.624,false,0,0,0,0,0,999936
CHAR,RICH,CHAR>CLTC>RMSC>RICH,3,2212,1844.149,false,356403,210220,2212,1006,635176,637056
CHAR,HMPT,CHAR>CLTC>RMSC>RICH>HMPT,4,1644,1372.831,false,358197,225145,1644,318,649123,631296
CHAR,GSBO,CHAR>CLTC>GSBO,2,5308,4418.19,false,425591,265560,5308,1132,1090494,1019136
CHAR,RDUH,CHAR>CLTC>RDUH,2,7221,6030.571,false,623053,361145,7221,1449,1488281,1386432
CHAR,GVIL,CHAR>CLTC>GVIL,2,3755,3133.997,false,384259,187675,3755,783,771436,720960
CHAR,ATSO,CHAR,0,1471,1231.72,false,25817,7355,0,0,0,423648
ATLS,BOSN,ATLS,0,5335,4460.245,false,0,0,0,0,0,3585120
ATLS,BOSS,ATLS,0,4794,4008.332,false,0,0,0,0,0,3221568
ATLS,WORC,ATLS,0,2878,2408.154,false,0,0,0,0,0,1934016
ATLS,PROV,ATLS,0,4140,3460.406,false,0,0,0,0,0,2782080
ATLS,HRTF,ATLS,0,4877,4075.527,false,0,0,0,0,0,3277344
ATLS,NRJY,ATLS,0,3143,2625.256,false,0,0,0,0,0,1810368
ATLS,BKLY,ATLS,0,4125,3450.311,false,0,0,0,0,0,2376000
ATLS,QUEE,ATLS,0,3742,3128.589,false,0,0,0,0,0,2155392
ATLS,BRWX,ATLS,0,2005,1675.903,false,0,0,0,0,0,1154880
ATLS,LNIS,ATLS,0,2072,1727.774,false,0,0,0,0,0,1392384
ATLS,PHLA,ATLS,0,8777,7338.376,false,0,0,0,0,0,4212960
ATLS,SOJY,ATLS,0,4340,3627.599,false,0,0,0,0,0,2083200
ATLS,WILM,ATLS,0,2460,2054.957,false,0,0,0,0,0,1180800
ATLS,LEHI,ATLS,0,2918,2438.583,false,0,0,0,0,0,1400640
ATLS,BALT,ATLS,0,7165,5988.575,false,0,0,0,0,0,2751360
ATLS,DCMD,ATLS,0,8894,7439.842,false,0,0,0,0,0,3415296
ATLS,NOVA,ATLS,0,8995,7511.94,false,0,0,0,0,0,3454080
ATLS,RICH,ATLS,0,13967,11677.295,false,0,0,0,0,0,4022496
ATLS,FRED,ATLS,0,6283,5242.864,false,0,0,0,0,0,1809504
ATLS,HMPT,ATLS,0,10333,8636.942,false,0,0,0,0,0,3967872
ATLS,CHAR,ATLS,0,20893,17474.484,false,0,0,0,0,0,4011456
ATLS,GSBO,ATLS,0,8161,6824.873,false,0,0,0,0,0,1566912
ATLS,RDUH,ATLS,0,11093,9270.218,false,0,0,0,0,0,2129856
ATLS,GVIL,ATLS,0,6566,5489.013,false,0,0,0,0,0,1260672
ATLS,ATSO,ATLS,0,77490,64773.848,false,0,0,0,0,0,7439040
ATLS,ATNO,ATLS,0,65423,54714.297,false,0,0,0,0,0,6280608
ATLS,ATHN,ATLS,0,32303,27016.28,false,0,0,0,0,0,6202176
