lane,origin,dest,day,trailers_scheduled_dispatched,trailers_overflow,trailers_adhoc,trailers_sweeper,slots_cancelled,slots_lapsed,pkgs,content_cube,mean_fill_target,cost_cents,holds
BOSC->ALBY,BOSC,ALBY,2026-04-27,0,0,0,0,0,1,0,0.0,0.0,0,0
BOSC->ALBY,BOSC,ALBY,2026-04-28,1,0,0,0,0,1,285,240.498,0.08675974,45888,1
BOSC->ALBY,BOSC,ALBY,2026-04-29,1,0,0,0,0,1,1132,942.074,0.33985353,45888,1
BOSC->ALBY,BOSC,ALBY,2026-04-30,1,0,0,0,0,1,1956,1553.972,0.560596,45888,1
BOSC->ALBY,BOSC,ALBY,2026-05-01,1,0,0,0,0,1,1278,1118.227,0.40340078,45888,1
BOSC->ALBY,BOSC,ALBY,2026-05-02,1,0,0,0,0,1,1967,1617.874,0.5836486,45888,1
BOSC->ALBY,BOSC,ALBY,2026-05-03,1,0,0,0,0,1,1364,1122.339,0.4048842,45888,1
BOSC->ALBY,BOSC,ALBY,2026-05-04,1,0,0,0,0,1,2153,1835.952,0.6623204,45888,1
BOSC->ALBY,BOSC,ALBY,2026-05-05,1,0,0,0,0,1,1884,1588.282,0.5729733,45888,1
BOSC->ALBY,BOSC,ALBY,2026-05-06,1,0,0,0,0,1,1775,1464.634,0.5283672,45888,1
BOSC->ALBY,BOSC,ALBY,2026-05-07,1,0,0,0,0,1,1715,1451.717,0.52370745,45888,1
BOSC->ALBY,BOSC,ALBY,2026-05-08,1,0,0,0,0,1,1259,1002.701,0.36172473,45888,1
BOSC->ALBY,BOSC,ALBY,2026-05-09,1,0,0,0,0,1,1556,1407.176,0.5076392,45888,1
BOSC->ALBY,BOSC,ALBY,2026-05-10,1,0,0,0,0,1,1664,1386.976,0.5003521,45888,1
BOSC->ALBY,BOSC,ALBY,2026-05-11,1,0,0,0,0,1,2127,1952.855,0.70449317,45888,1
BOSC->ALBY,BOSC,ALBY,2026-05-12,1,0,0,0,0,1,1997,1463.599,0.52799386,45888,1
BOSC->ALBY,BOSC,ALBY,2026-05-13,1,0,0,0,0,1,1365,1111.486,0.40096897,45888,1
BOSC->ALBY,BOSC,ALBY,2026-05-14,1,0,0,0,0,1,1981,1910.905,0.68935966,45888,1
BOSC->ALBY,BOSC,ALBY,2026-05-15,1,0,0,0,0,1,1873,1395.072,0.5032727,45888,1
BOSC->ALBY,BOSC,ALBY,2026-05-16,1,0,0,0,0,1,1495,1163.866,0.41986507,45888,1
BOSC->ALBY,BOSC,ALBY,2026-05-17,1,0,0,0,0,1,1735,1542.73,0.5565404,45888,1
BOSC->ALBY,BOSC,ALBY,2026-05-18,1,0,0,0,0,1,1168,778.414,0.28081313,45888,1
BOSC->ALBY,BOSC,ALBY,2026-05-19,1,0,0,0,0,1,518,548.166,0.19775108,45888,1
BOSC->ALBY,BOSC,ALBY,2026-05-20,1,0,0,0,0,1,290,275.427,0.09936039,45888,1
BOSC->ALBY,BOSC,ALBY,2026-05-21,1,0,0,0,0,1,9,5.599,0.0020198412,45888,1
BOSC->ALBY,BOSC,ALBY,2026-05-22,0,0,0,0,0,2,0,0.0,0.0,0,0
BOSC->ALBY,BOSC,ALBY,2026-05-23,0,0,0,0,0,2,0,0.0,0.0,0,0
BOSC->ALBY,BOSC,ALBY,2026-05-24,0,0,0,0,0,2,0,0.0,0.0,0,0
BOSC->ALBY,BOSC,ALBY,2026-05-25,0,0,0,0,0,2,0,0.0,0.0,0,0
BOSC->ALBY,BOSC,ALBY,2026-05-26,0,0,0,0,0,2,0,0.0,0.0,0,0
BOSC->ALBY,BOSC,ALBY,2026-05-27,0,0,0,0,0,1,0,0.0,0.0,0,0
BOSC->BOSN,BOSC,BOSN,2026-04-27,0,0,0,0,0,1,0,0.0,0.0,0,0
BOSC->BOSN,BOSC,BOSN,2026-04-28,1,0,0,0,0,1,898,754.135,0.27205446,23206,1
BOSC->BOSN,BOSC,BOSN,2026-04-29,1,0,0,0,0,1,2862,2427.147,0.87559414,23206,1
BOSC->BOSN,BOSC,BOSN,2026-04-30,1,0,0,0,0,1,4425,3219.8,1.161544,23206,1
BOSC->BOSN,BOSC,BOSN,2026-05-01,1,0,0,0,0,1,3338,3124.295,1.1270906,23206,1
BOSC->BOSN,BOSC,BOSN,2026-05-02,1,0,0,0,0,1,4209,3059.129,1.1035819,23206,1
BOSC->BOSN,BOSC,BOSN,2026-05-03,1,0,0,1,0,0,3860,3653.755,0.6590467,46412,0
BOSC->BOSN,BOSC,BOSN,2026-05-04,1,0,0,0,0,1,4669,3289.085,1.1865386,23206,0
BOSC->BOSN,BOSC,BOSN,2026-05-05,1,0,0,1,0,0,5050,4945.031,0.89196086,46412,0
BOSC->BOSN,BOSC,BOSN,2026-05-06,1,0,0,0,0,1,4155,3207.577,1.1571345,23206,1
BOSC->BOSN,BOSC,BOSN,2026-05-07,1,0,0,0,0,1,3943,3195.797,1.152885,23206,1
BOSC->BOSN,BOSC,BOSN,2026-05-08,1,0,0,0,0,1,3332,3030.013,1.0930783,23206,1
BOSC->BOSN,BOSC,BOSN,2026-05-09,1,0,0,0,0,1,3736,3233.831,1.1666057,23206,0
BOSC->BOSN,BOSC,BOSN,2026-05-10,1,0,0,1,0,0,4135,3551.153,0.6405399,46412,0
BOSC->BOSN,BOSC,BOSN,2026-05-11,1,0,0,1,0,0,5071,4611.335,0.83177036,46412,0
BOSC->BOSN,BOSC,BOSN,2026-05-12,1,0,0,0,0,1,4657,3232.182,1.1660109,23206,1
BOSC->BOSN,BOSC,BOSN,2026-05-13,1,0,0,0,0,1,3441,2985.206,1.0769142,23206,1
BOSC->BOSN,BOSC,BOSN,2026-05-14,1,0,0,0,0,1,4090,3297.45,1.1895562,23206,0
BOSC->BOSN,BOSC,BOSN,2026-05-15,1,0,0,1,0,0,5129,4664.975,0.8414457,46412,0
BOSC->BOSN,BOSC,BOSN,2026-05-16,1,0,0,0,0,1,3673,2828.903,1.0205277,23206,1
BOSC->BOSN,BOSC,BOSN,2026-05-17,1,0,0,0,0,1,3904,3194.222,1.1523167,23206,1
BOSC->BOSN,BOSC,BOSN,2026-05-18,1,0,0,0,0,1,2969,2373.523,0.8562493,23206,1
BOSC->BOSN,BOSC,BOSN,2026-05-19,1,0,0,0,0,1,1121,1128.028,0.4069365,23206,1
BOSC->BOSN,BOSC,BOSN,2026-05-20,1,0,0,0,0,1,654,645.322,0.23280014,23206,1
BOSC->BOSN,BOSC,BOSN,2026-05-21,1,0,0,0,0,1,19,18.022,0.006501443,23206,1
BOSC->BOSN,BOSC,BOSN,2026-05-22,0,0,0,0,0,2,0,0.0,0.0,0,0
BOSC->BOSN,BOSC,BOSN,2026-05-23,0,0,0,0,0,2,0,0.0,0.0,0,0
BOSC->BOSN,BOSC,BOSN,2026-05-24,0,0,0,0,0,2,0,0.0,0.0,0,0
BOSC->BOSN,BOSC,BOSN,2026-05-25,0,0,0,0,0,2,0,0.0,0.0,0,0
BOSC->BOSN,BOSC,BOSN,2026-05-26,0,0,0,0,0,2,0,0.0,0.0,0,0
BOSC->BOSN,BOSC,BOSN,2026-05-27,0,0,0,0,0,1,0,0.0,0.0,0,0
BOSC->BOSS,BOSC,BOSS,2026-04-27,0,0,0,0,0,1,0,0.0,0.0,0,0
BOSC->BOSS,BOSC,BOSS,2026-04-28,1,0,0,0,0,1,718,602.624,0.21739683,23404,1
BOSC->BOSS,BOSC,BOSS,2026-04-29,1,0,0,0,0,1,2344,1978.328,0.71368253,23404,1
BOSC->BOSS,BOSC,BOSS,2026-04-30,1,0,0,0,0,1,3762,2992.918,1.0796963,23404,1
BOSC->BOSS,BOSC,BOSS,2026-05-01,1,0,0,0,0,1,2525,2142.708,0.77298266,23404,1
BOSC->BOSS,BOSC,BOSS,2026-05-02,1,0,0,0,0,1,3747,3091.479,1.1152521,23404,1
BOSC->BOSS,BOSC,BOSS,2026-05-03,1,0,0,0,0,1,2636,2229.63,0.8043398,23404,1
BOSC->BOSS,BOSC,BOSS,2026-05-04,1,0,0,0,0,1,3953,3044.715,1.098382,23404,1
BOSC->BOSS,BOSC,BOSS,2026-05-05,1,0,0,0,0,1,3642,3181.533,1.1477392,23404,1
BOSC->BOSS,BOSC,BOSS,2026-05-06,1,0,0,0,0,1,3667,3183.135,1.1483171,23404,1
BOSC->BOSS,BOSC,BOSS,2026-05-07,1,0,0,0,0,1,3454,2999.376,1.082026,23404,1
BOSC->BOSS,BOSC,BOSS,2026-05-08,1,0,0,0,0,1,2281,1793.766,0.64710176,23404,1
BOSC->BOSS,BOSC,BOSS,2026-05-09,1,0,0,0,0,1,3099,2775.606,1.0013008,23404,1
BOSC->BOSS,BOSC,BOSS,2026-05-10,1,0,0,0,0,1,3247,2699.29,0.97376984,23404,1
BOSC->BOSS,BOSC,BOSS,2026-05-11,1,0,0,0,0,1,3701,3032.638,1.0940253,23404,1
BOSC->BOSS,BOSC,BOSS,2026-05-12,1,0,0,0,0,1,3996,3198.783,1.1539621,23404,1
BOSC->BOSS,BOSC,BOSS,2026-05-13,1,0,0,0,0,1,2803,2410.428,0.86956275,23404,1
BOSC->BOSS,BOSC,BOSS,2026-05-14,1,0,0,0,0,1,3571,3177.886,1.1464236,23404,1
BOSC->BOSS,BOSC,BOSS,2026-05-15,1,0,0,0,0,1,3769,3037.058,1.0956198,23404,1
BOSC->BOSS,BOSC,BOSS,2026-05-16,1,0,0,0,0,1,3029,2442.05,0.8809704,23404,1
BOSC->BOSS,BOSC,BOSS,2026-05-17,1,0,0,0,0,1,3400,3055.206,1.1021667,23404,1
BOSC->BOSS,BOSC,BOSS,2026-05-18,1,0,0,0,0,1,2156,1475.74,0.5323737,23404,1
BOSC->BOSS,BOSC,BOSS,2026-05-19,1,0,0,0,0,1,880,878.024,0.3167475,23404,1
BOSC->BOSS,BOSC,BOSS,2026-05-20,1,0,0,0,0,1,497,483.618,0.17446537,23404,1
BOSC->BOSS,BOSC,BOSS,2026-05-21,1,0,0,0,0,1,18,16.309,0.0058834776,23404,1
BOSC->BOSS,BOSC,BOSS,2026-05-22,0,0,0,0,0,2,0,0.0,0.0,0,0
BOSC->BOSS,BOSC,BOSS,2026-05-23,0,0,0,0,0,2,0,0.0,0.0,0,0
BOSC->BOSS,BOSC,BOSS,2026-05-24,0,0,0,0,0,2,0,0.0,0.0,0,0
BOSC->BOSS,BOSC,BOSS,2026-05-25,0,0,0,0,0,2,0,0.0,0.0,0,0
BOSC->BOSS,BOSC,BOSS,2026-05-26,0,0,0,0,0,2,0,0.0,0.0,0,0
BOSC->BOSS,BOSC,BOSS,2026-05-27,0,0,0,0,0,1,0,0.0,0.0,0,0
BOSC->HRTF,BOSC,HRTF,2026-04-27,0,0,0,0,0,1,0,0.0,0.0,0,0
BOSC->HRTF,BOSC,HRTF,2026-04-28,1,0,0,0,0,1,486,404.142,0.14579438,32138,1
BOSC->HRTF,BOSC,HRTF,2026-04-29,1,0,0,0,0,1,1846,1573.289,0.56756455,32138,1
BOSC->HRTF,BOSC,HRTF,2026-04-30,1,0,0,0,0,1,3039,2331.832,0.84120923,32138,1
BOSC->HRTF,BOSC,HRTF,2026-05-01,1,0,0,0,0,1,2050,1797.187,0.6483359,32138,1
BOSC->HRTF,BOSC,HRTF,2026-05-02,1,0,0,0,0,1,3001,2497.853,0.90110135,32138,1
BOSC->HRTF,BOSC,HRTF,2026-05-03,1,0,0,0,0,1,2170,1825.138,0.6584192,32138,1
BOSC->HRTF,BOSC,HRTF,2026-05-04,1,0,0,0,0,1,3497,2930.952,1.0573419,32138,1
BOSC->HRTF,BOSC,HRTF,2026-05-05,1,0,0,0,0,1,2854,2412.768,0.8704069,32138,1
BOSC->HRTF,BOSC,HRTF,2026-05-06,1,0,0,0,0,1,2847,2377.194,0.85757357,32138,1
BOSC->HRTF,BOSC,HRTF,2026-05-07,1,0,0,0,0,1,2753,2361.477,0.8519037,32138,1
BOSC->HRTF,BOSC,HRTF,2026-05-08,1,0,0,0,0,1,1831,1432.557,0.51679546,32138,1
BOSC->HRTF,BOSC,HRTF,2026-05-09,1,0,0,0,0,1,2430,2189.103,0.7897197,32138,1
BOSC->HRTF,BOSC,HRTF,2026-05-10,1,0,0,0,0,1,2646,2219.6,0.8007215,32138,1
BOSC->HRTF,BOSC,HRTF,2026-05-11,1,0,0,0,0,1,3289,2971.834,1.0720901,32138,1
BOSC->HRTF,BOSC,HRTF,2026-05-12,1,0,0,0,0,1,3181,2375.729,0.8570451,32138,1
BOSC->HRTF,BOSC,HRTF,2026-05-13,1,0,0,0,0,1,2078,1662.341,0.59969014,32138,1
BOSC->HRTF,BOSC,HRTF,2026-05-14,1,0,0,0,0,1,3123,2945.756,1.0626825,32138,1
BOSC->HRTF,BOSC,HRTF,2026-05-15,1,0,0,0,0,1,2950,2287.372,0.8251703,32138,1
BOSC->HRTF,BOSC,HRTF,2026-05-16,1,0,0,0,0,1,2355,1813.337,0.654162,32138,1
BOSC->HRTF,BOSC,HRTF,2026-05-17,1,0,0,0,0,1,2690,2404.377,0.86737984,32138,1
BOSC->HRTF,BOSC,HRTF,2026-05-18,1,0,0,0,0,1,1861,1310.548,0.47278067,32138,1
BOSC->HRTF,BOSC,HRTF,2026-05-19,1,0,0,0,0,1,772,738.781,0.26651552,32138,1
BOSC->HRTF,BOSC,HRTF,2026-05-20,1,0,0,0,0,1,427,425.45,0.15348125,32138,1
BOSC->HRTF,BOSC,HRTF,2026-05-21,1,0,0,0,0,1,12,12.588,0.0045411256,32138,1
BOSC->HRTF,BOSC,HRTF,2026-05-22,0,0,0,0,0,2,0,0.0,0.0,0,0
BOSC->HRTF,BOSC,HRTF,2026-05-23,0,0,0,0,0,2,0,0.0,0.0,0,0
BOSC->HRTF,BOSC,HRTF,2026-05-24,0,0,0,0,0,2,0,0.0,0.0,0,0
BOSC->HRTF,BOSC,HRTF,2026-05-25,0,0,0,0,0,2,0,0.0,0.0,0,0
BOSC->HRTF,BOSC,HRTF,2026-05-26,0,0,0,0,0,2,0,0.0,0.0,0,0
BOSC->HRTF,BOSC,HRTF,2026-05-27,0,0,0,0,0,1,0,0.0,0.0,0,0
BOSC->NJSC,BOSC,NJSC,2026-04-27,0,0,0,0,0,1,0,0.0,0.0,0,0
BOSC->NJSC,BOSC,NJSC,2026-04-28,1,0,0,0,0,1,1438,1201.361,0.43339142,64654,1
BOSC->NJSC,BOSC,NJSC,2026-04-29,1,0,0,0,0,1,1573,1311.161,0.4730018,64654,1
BOSC->NJSC,BOSC,NJSC,2026-04-30,1,0,0,0,0,1,1343,1121.921,0.40473342,64654,1
BOSC->NJSC,BOSC,NJSC,2026-05-01,1,0,0,0,0,1,1216,1022.0,0.36868685,64654,1
BOSC->NJSC,BOSC,NJSC,2026-05-02,1,0,0,0,0,1,1605,1341.531,0.4839578,64654,1
BOSC->NJSC,BOSC,NJSC,2026-05-03,1,0,0,0,0,1,1528,1268.951,0.45777452,64654,1
BOSC->NJSC,BOSC,NJSC,2026-05-04,1,0,0,0,0,1,1459,1217.374,0.4391681,64654,1
BOSC->NJSC,BOSC,NJSC,2026-05-05,1,0,0,0,0,1,1457,1231.268,0.44418037,64654,1
BOSC->NJSC,BOSC,NJSC,2026-05-06,1,0,0,0,0,1,1580,1320.044,0.47620636,64654,1
BOSC->NJSC,BOSC,NJSC,2026-05-07,1,0,0,0,0,1,1338,1114.85,0.40218255,64654,1
BOSC->NJSC,BOSC,NJSC,2026-05-08,1,0,0,0,0,1,1226,1024.265,0.36950397,64654,1
BOSC->NJSC,BOSC,NJSC,2026-05-09,1,0,0,0,0,1,1594,1337.518,0.4825101,64654,1
BOSC->NJSC,BOSC,NJSC,2026-05-10,1,0,0,0,0,1,1537,1279.687,0.46164754,64654,1
BOSC->NJSC,BOSC,NJSC,2026-05-11,1,0,0,0,0,1,1462,1215.731,0.4385754,64654,1
BOSC->NJSC,BOSC,NJSC,2026-05-12,1,0,0,0,0,1,1459,1224.58,0.44176766,64654,1
BOSC->NJSC,BOSC,NJSC,2026-05-13,1,0,0,0,0,1,1590,1334.294,0.48134705,64654,1
BOSC->NJSC,BOSC,NJSC,2026-05-14,1,0,0,0,0,1,1329,1109.194,0.40014213,64654,1
BOSC->NJSC,BOSC,NJSC,2026-05-15,1,0,0,0,0,1,1227,1025.987,0.37012517,64654,1
BOSC->NJSC,BOSC,NJSC,2026-05-16,1,0,0,0,0,1,1586,1330.333,0.47991812,64654,1
BOSC->NJSC,BOSC,NJSC,2026-05-17,1,0,0,0,0,1,1538,1289.934,0.46534416,64654,1
BOSC->NJSC,BOSC,NJSC,2026-05-18,1,0,0,0,0,1,30,18.615,0.006715368,64654,1
BOSC->NJSC,BOSC,NJSC,2026-05-19,0,0,0,0,0,2,0,0.0,0.0,0,0
BOSC->NJSC,BOSC,NJSC,2026-05-20,0,0,0,0,0,2,0,0.0,0.0,0,0
BOSC->NJSC,BOSC,NJSC,2026-05-21,0,0,0,0,0,2,0,0.0,0.0,0,0
BOSC->NJSC,BOSC,NJSC,2026-05-22,0,0,0,0,0,2,0,0.0,0.0,0,0
BOSC->NJSC,BOSC,NJSC,2026-05-23,0,0,0,0,0,2,0,0.0,0.0,0,0
BOSC->NJSC,BOSC,NJSC,2026-05-24,0,0,0,0,0,2,0,0.0,0.0,0,0
BOSC->NJSC,BOSC,NJSC,2026-05-25,0,0,0,0,0,2,0,0.0,0.0,0,0
BOSC->NJSC,BOSC,NJSC,2026-05-26,0,0,0,0,0,2,0,0.0,0.0,0,0
BOSC->NJSC,BOSC,NJSC,2026-05-27,0,0,0,0,0,1,0,0.0,0.0,0,0
BOSC->PORT,BOSC,PORT,2026-04-27,0,0,0,0,0,1,0,0.0,0.0,0,0
BOSC->PORT,BOSC,PORT,2026-04-28,1,0,0,0,0,1,317,265.656,0.0958355,45426,1
BOSC->PORT,BOSC,PORT,2026-04-29,1,0,0,0,0,1,987,827.053,0.29835966,45426,1
BOSC->PORT,BOSC,PORT,2026-04-30,1,0,0,0,0,1,1734,1371.483,0.494763,45426,1
BOSC->PORT,BOSC,PORT,2026-05-01,1,0,0,0,0,1,946,833.568,0.30070996,45426,1
BOSC->PORT,BOSC,PORT,2026-05-02,1,0,0,0,0,1,1628,1339.95,0.48338744,45426,1
BOSC->PORT,BOSC,PORT,2026-05-03,1,0,0,0,0,1,1121,956.857,0.3451865,45426,1
BOSC->PORT,BOSC,PORT,2026-05-04,1,0,0,0,0,1,1743,1439.613,0.51934093,45426,1
BOSC->PORT,BOSC,PORT,2026-05-05,1,0,0,0,0,1,1443,1205.158,0.4347612,45426,1
BOSC->PORT,BOSC,PORT,2026-05-06,1,0,0,0,0,1,1483,1278.924,0.4613723,45426,1
BOSC->PORT,BOSC,PORT,2026-05-07,1,0,0,0,0,1,1389,1174.73,0.4237843,45426,1
BOSC->PORT,BOSC,PORT,2026-05-08,1,0,0,0,0,1,987,818.576,0.2953016,45426,1
BOSC->PORT,BOSC,PORT,2026-05-09,1,0,0,0,0,1,1312,1118.973,0.40366992,45426,1
BOSC->PORT,BOSC,PORT,2026-05-10,1,0,0,0,0,1,1352,1154.656,0.41654256,45426,1
BOSC->PORT,BOSC,PORT,2026-05-11,1,0,0,0,0,1,1650,1484.699,0.5356057,45426,1
BOSC->PORT,BOSC,PORT,2026-05-12,1,0,0,0,0,1,1626,1229.458,0.44352743,45426,1
BOSC->PORT,BOSC,PORT,2026-05-13,1,0,0,0,0,1,1133,895.763,0.32314682,45426,1
BOSC->PORT,BOSC,PORT,2026-05-14,1,0,0,0,0,1,1577,1486.622,0.5362994,45426,1
BOSC->PORT,BOSC,PORT,2026-05-15,1,0,0,0,0,1,1465,1137.014,0.4101782,45426,1
BOSC->PORT,BOSC,PORT,2026-05-16,1,0,0,0,0,1,1291,978.818,0.35310894,45426,1
BOSC->PORT,BOSC,PORT,2026-05-17,1,0,0,0,0,1,1397,1276.305,0.4604275,45426,1
BOSC->PORT,BOSC,PORT,2026-05-18,1,0,0,0,0,1,852,554.949,0.20019805,45426,1
BOSC->PORT,BOSC,PORT,2026-05-19,1,0,0,0,0,1,356,369.068,0.13314141,45426,1
BOSC->PORT,BOSC,PORT,2026-05-20,1,0,0,0,0,1,131,142.87,0.051540405,45426,1
BOSC->PORT,BOSC,PORT,2026-05-21,1,0,0,0,0,1,6,5.412,0.001952381,45426,1
BOSC->PORT,BOSC,PORT,2026-05-22,0,0,0,0,0,2,0,0.0,0.0,0,0
BOSC->PORT,BOSC,PORT,2026-05-23,0,0,0,0,0,2,0,0.0,0.0,0,0
BOSC->PORT,BOSC,PORT,2026-05-24,0,0,0,0,0,2,0,0.0,0.0,0,0
BOSC->PORT,BOSC,PORT,2026-05-25,0,0,0,0,0,2,0,0.0,0.0,0,0
BOSC->PORT,BOSC,PORT,2026-05-26,0,0,0,0,0,2,0,0.0,0.0,0,0
BOSC->PORT,BOSC,PORT,2026-05-27,0,0,0,0,0,1,0,0.0,0.0,0,0
CBSC->CINC,CBSC,CINC,2026-04-27,0,0,0,0,0,1,0,0.0,0.0,0,0
CBSC->CINC,CBSC,CINC,2026-04-28,1,0,0,0,0,1,1894,1575.536,0.5683752,39024,1
CBSC->CINC,CBSC,CINC,2026-04-29,1,0,0,0,0,1,2795,2362.386,0.8522316,39024,1
CBSC->CINC,CBSC,CINC,2026-04-30,1,0,0,0,0,1,2765,2302.907,0.83077455,39024,1
CBSC->CINC,CBSC,CINC,2026-05-01,1,0,0,0,0,1,2525,2113.039,0.76227957,39024,1
CBSC->CINC,CBSC,CINC,2026-05-02,1,0,0,0,0,1,2947,2489.201,0.89798015,39024,1
CBSC->CINC,CBSC,CINC,2026-05-03,1,0,0,0,0,1,3017,2479.39,0.8944408,39024,1
CBSC->CINC,CBSC,CINC,2026-05-04,1,0,0,0,0,1,2958,2496.091,0.9004657,39024,1
CBSC->CINC,CBSC,CINC,2026-05-05,1,0,0,0,0,1,2924,2434.329,0.8781851,39024,1
CBSC->CINC,CBSC,CINC,2026-05-06,1,0,0,0,0,1,3030,2508.896,0.90508515,39024,1
CBSC->CINC,CBSC,CINC,2026-05-07,1,0,0,0,0,1,2709,2282.999,0.8235927,39024,1
CBSC->CINC,CBSC,CINC,2026-05-08,1,0,0,0,0,1,2558,2140.331,0.7721252,39024,1
CBSC->CINC,CBSC,CINC,2026-05-09,1,0,0,0,0,1,2932,2454.363,0.88541234,39024,1
CBSC->CINC,CBSC,CINC,2026-05-10,1,0,0,0,0,1,3013,2528.644,0.9122092,39024,1
CBSC->CINC,CBSC,CINC,2026-05-11,1,0,0,0,0,1,2973,2481.462,0.89518833,39024,1
CBSC->CINC,CBSC,CINC,2026-05-12,1,0,0,0,0,1,2913,2440.624,0.880456,39024,1
CBSC->CINC,CBSC,CINC,2026-05-13,1,0,0,0,0,1,3020,2506.713,0.9042976,39024,1
CBSC->CINC,CBSC,CINC,2026-05-14,1,0,0,0,0,1,2751,2273.106,0.82002383,39024,1
CBSC->CINC,CBSC,CINC,2026-05-15,1,0,0,0,0,1,2521,2140.167,0.772066,39024,1
CBSC->CINC,CBSC,CINC,2026-05-16,1,0,0,0,0,1,2965,2476.45,0.8933802,39024,1
CBSC->CINC,CBSC,CINC,2026-05-17,1,0,0,0,0,1,2990,2501.962,0.9025837,39024,1
CBSC->CINC,CBSC,CINC,2026-05-18,1,0,0,0,0,1,1092,895.429,0.32302633,39024,1
CBSC->CINC,CBSC,CINC,2026-05-19,1,0,0,0,0,1,202,179.47,0.06474387,39024,0
CBSC->CINC,CBSC,CINC,2026-05-20,1,0,0,0,0,1,6,3.722,0.0013427128,39024,0
CBSC->CINC,CBSC,CINC,2026-05-21,0,0,0,0,0,2,0,0.0,0.0,0,0
CBSC->CINC,CBSC,CINC,2026-05-22,0,0,0,0,0,2,0,0.0,0.0,0,0
CBSC->CINC,CBSC,CINC,2026-05-23,0,0,0,0,0,2,0,0.0,0.0,0,0
CBSC->CINC,CBSC,CINC,2026-05-24,0,0,0,0,0,2,0,0.0,0.0,0,0
CBSC->CINC,CBSC,CINC,2026-05-25,0,0,0,0,0,2,0,0.0,0.0,0,0
CBSC->CINC,CBSC,CINC,2026-05-26,0,0,0,0,0,2,0,0.0,0.0,0,0
CBSC->CINC,CBSC,CINC,2026-05-27,0,0,0,0,0,1,0,0.0,0.0,0,0
CBSC->CLEV,CBSC,CLEV,2026-04-27,0,0,0,0,0,1,0,0.0,0.0,0,0
CBSC->CLEV,CBSC,CLEV,2026-04-28,1,0,0,0,0,1,2349,1946.08,0.7020491,46922,1
CBSC->CLEV,CBSC,CLEV,2026-04-29,1,0,0,0,0,1,3739,3164.006,1.1414163,46922,1
CBSC->CLEV,CBSC,CLEV,2026-04-30,1,0,0,0,0,1,3710,3032.475,1.0939665,46922,1
CBSC->CLEV,CBSC,CLEV,2026-05-01,1,0,0,0,0,1,3400,2904.561,1.0478214,46922,1
CBSC->CLEV,CBSC,CLEV,2026-05-02,1,0,0,0,0,1,3760,3035.075,1.0949044,46922,1
CBSC->CLEV,CBSC,CLEV,2026-05-03,1,0,0,0,0,1,3919,3195.291,1.1527023,46922,1
CBSC->CLEV,CBSC,CLEV,2026-05-04,1,0,0,0,0,1,3904,3193.701,1.1521288,46922,1
CBSC->CLEV,CBSC,CLEV,2026-05-05,1,0,0,0,0,1,3896,3244.873,1.1705891,46922,1
CBSC->CLEV,CBSC,CLEV,2026-05-06,1,0,0,0,0,1,4030,3335.503,1.2032839,46922,1
CBSC->CLEV,CBSC,CLEV,2026-05-07,1,0,0,0,0,1,3781,3205.23,1.1562879,46922,1
CBSC->CLEV,CBSC,CLEV,2026-05-08,1,0,0,0,0,1,3575,3177.64,1.1463348,46922,1
CBSC->CLEV,CBSC,CLEV,2026-05-09,1,0,0,0,0,1,3782,3037.204,1.0956725,46922,1
CBSC->CLEV,CBSC,CLEV,2026-05-10,1,0,0,0,0,1,3935,3196.386,1.1530974,46922,1
CBSC->CLEV,CBSC,CLEV,2026-05-11,1,0,0,0,0,1,3956,3328.251,1.2006677,46922,1
CBSC->CLEV,CBSC,CLEV,2026-05-12,1,0,0,0,0,1,3938,3284.554,1.1849041,46922,1
CBSC->CLEV,CBSC,CLEV,2026-05-13,1,0,0,0,0,1,4023,3328.288,1.2006811,46922,1
CBSC->CLEV,CBSC,CLEV,2026-05-14,1,0,0,0,0,1,3761,3187.023,1.1497197,46922,1
CBSC->CLEV,CBSC,CLEV,2026-05-15,1,0,0,0,0,1,3573,3177.635,1.146333,46922,1
CBSC->CLEV,CBSC,CLEV,2026-05-16,1,0,0,0,0,1,3779,3037.115,1.0956403,46922,1
CBSC->CLEV,CBSC,CLEV,2026-05-17,1,0,0,0,0,1,3939,3196.533,1.1531504,46922,1
CBSC->CLEV,CBSC,CLEV,2026-05-18,1,0,0,0,0,1,1951,1922.069,0.6933871,46922,1
CBSC->CLEV,CBSC,CLEV,2026-05-19,1,0,0,0,0,1,369,294.981,0.106414504,46922,0
CBSC->CLEV,CBSC,CLEV,2026-05-20,1,0,0,0,0,1,11,12.499,0.0045090187,46922,0
CBSC->CLEV,CBSC,CLEV,2026-05-21,0,0,0,0,0,2,0,0.0,0.0,0,0
CBSC->CLEV,CBSC,CLEV,2026-05-22,0,0,0,0,0,2,0,0.0,0.0,0,0
CBSC->CLEV,CBSC,CLEV,2026-05-23,0,0,0,0,0,2,0,0.0,0.0,0,0
CBSC->CLEV,CBSC,CLEV,2026-05-24,0,0,0,0,0,2,0,0.0,0.0,0,0
CBSC->CLEV,CBSC,CLEV,2026-05-25,0,0,0,0,0,2,0,0.0,0.0,0,0
CBSC->CLEV,CBSC,CLEV,2026-05-26,0,0,0,0,0,2,0,0.0,0.0,0,0
CBSC->CLEV,CBSC,CLEV,2026-05-27,0,0,0,0,0,1,0,0.0,0.0,0,0
CBSC->CLTC,CBSC,CLTC,2026-04-27,0,0,0,0,0,1,0,0.0,0.0,0,0
CBSC->CLTC,CBSC,CLTC,2026-04-28,1,0,0,0,0,1,1870,1555.897,0.5612904,102384,1
CBSC->CLTC,CBSC,CLTC,2026-04-29,1,0,0,0,0,1,2021,1701.741,0.6139037,102384,1
CBSC->CLTC,CBSC,CLTC,2026-04-30,1,0,0,0,0,1,1704,1423.545,0.5135444,102384,1
CBSC->CLTC,CBSC,CLTC,2026-05-01,1,0,0,0,0,1,1555,1293.13,0.46649712,102384,1
CBSC->CLTC,CBSC,CLTC,2026-05-02,1,0,0,0,0,1,2067,1725.54,0.62248915,102384,1
CBSC->CLTC,CBSC,CLTC,2026-05-03,1,0,0,0,0,1,2001,1673.152,0.6035902,102384,1
CBSC->CLTC,CBSC,CLTC,2026-05-04,1,0,0,0,0,1,1861,1562.115,0.56353354,102384,1
CBSC->CLTC,CBSC,CLTC,2026-05-05,1,0,0,0,0,1,1923,1599.548,0.5770375,102384,1
CBSC->CLTC,CBSC,CLTC,2026-05-06,1,0,0,0,0,1,2015,1692.887,0.6107096,102384,1
CBSC->CLTC,CBSC,CLTC,2026-05-07,1,0,0,0,0,1,1709,1420.403,0.5124109,102384,1
CBSC->CLTC,CBSC,CLTC,2026-05-08,1,0,0,0,0,1,1557,1305.171,0.4708409,102384,1
CBSC->CLTC,CBSC,CLTC,2026-05-09,1,0,0,0,0,1,2063,1727.055,0.6230357,102384,1
CBSC->CLTC,CBSC,CLTC,2026-05-10,1,0,0,0,0,1,2015,1680.69,0.60630953,102384,1
CBSC->CLTC,CBSC,CLTC,2026-05-11,1,0,0,0,0,1,1866,1569.188,0.56608516,102384,1
CBSC->CLTC,CBSC,CLTC,2026-05-12,1,0,0,0,0,1,1912,1588.718,0.5731306,102384,1
CBSC->CLTC,CBSC,CLTC,2026-05-13,1,0,0,0,0,1,2021,1688.099,0.6089823,102384,1
CBSC->CLTC,CBSC,CLTC,2026-05-14,1,0,0,0,0,1,1705,1432.128,0.51664066,102384,1
CBSC->CLTC,CBSC,CLTC,2026-05-15,1,0,0,0,0,1,1559,1305.287,0.47088274,102384,1
CBSC->CLTC,CBSC,CLTC,2026-05-16,1,0,0,0,0,1,2048,1705.813,0.61537266,102384,1
CBSC->CLTC,CBSC,CLTC,2026-05-17,1,0,0,0,0,1,2022,1686.154,0.60828066,102384,1
CBSC->CLTC,CBSC,CLTC,2026-05-18,1,0,0,0,0,1,34,35.868,0.0129393935,102384,1
CBSC->CLTC,CBSC,CLTC,2026-05-19,0,0,0,0,0,2,0,0.0,0.0,0,0
CBSC->CLTC,CBSC,CLTC,2026-05-20,0,0,0,0,0,2,0,0.0,0.0,0,0
CBSC->CLTC,CBSC,CLTC,2026-05-21,0,0,0,0,0,2,0,0.0,0.0,0,0
CBSC->CLTC,CBSC,CLTC,2026-05-22,0,0,0,0,0,2,0,0.0,0.0,0,0
CBSC->CLTC,CBSC,CLTC,2026-05-23,0,0,0,0,0,2,0,0.0,0.0,0,0
CBSC->CLTC,CBSC,CLTC,2026-05-24,0,0,0,0,0,2,0,0.0,0.0,0,0
CBSC->CLTC,CBSC,CLTC,2026-05-25,0,0,0,0,0,2,0,0.0,0.0,0,0
CBSC->CLTC,CBSC,CLTC,2026-05-26,0,0,0,0,0,2,0,0.0,0.0,0,0
CBSC->CLTC,CBSC,CLTC,2026-05-27,0,0,0,0,0,1,0,0.0,0.0,0,0
CBSC->COLS,CBSC,COLS,2026-04-27,0,0,0,0,0,1,0,0.0,0.0,0,0
CBSC->COLS,CBSC,COLS,2026-04-28,1,0,0,0,0,1,2681,2236.598,0.80685353,17530,1
CBSC->COLS,CBSC,COLS,2026-04-29,1,0,0,0,0,1,3822,3039.429,1.0964751,17530,1
CBSC->COLS,CBSC,COLS,2026-04-30,1,0,0,0,0,1,3828,3190.464,1.150961,17530,1
CBSC->COLS,CBSC,COLS,2026-05-01,1,0,0,0,0,1,3673,3182.748,1.1481775,17530,1
CBSC->COLS,CBSC,COLS,2026-05-02,1,0,0,0,0,1,3901,3042.113,1.0974433,17530,1
CBSC->COLS,CBSC,COLS,2026-05-03,1,0,0,1,0,0,4504,4027.278,0.726421,35060,1
CBSC->COLS,CBSC,COLS,2026-05-04,1,0,0,0,0,1,4001,3198.775,1.1539593,17530,1
CBSC->COLS,CBSC,COLS,2026-05-05,1,0,0,0,0,1,3965,3197.796,1.153606,17530,1
CBSC->COLS,CBSC,COLS,2026-05-06,1,0,0,1,0,0,4543,4080.271,0.7359796,35060,1
CBSC->COLS,CBSC,COLS,2026-05-07,1,0,0,0,0,1,3863,3192.235,1.1515999,17530,1
CBSC->COLS,CBSC,COLS,2026-05-08,1,0,0,0,0,1,3615,3067.151,1.1064758,17530,1
CBSC->COLS,CBSC,COLS,2026-05-09,1,0,0,0,0,1,3878,3041.499,1.0972219,17530,1
CBSC->COLS,CBSC,COLS,2026-05-10,1,0,0,0,0,1,4092,3282.222,1.1840627,17530,1
CBSC->COLS,CBSC,COLS,2026-05-11,1,0,0,1,0,0,4489,4073.589,0.73477435,35060,1
CBSC->COLS,CBSC,COLS,2026-05-12,1,0,0,0,0,1,3983,3198.775,1.1539593,17530,1
CBSC->COLS,CBSC,COLS,2026-05-13,1,0,0,0,0,1,4051,3202.464,1.15529,17530,1
CBSC->COLS,CBSC,COLS,2026-05-14,1,0,0,0,0,1,3849,3213.105,1.1591288,17530,1
CBSC->COLS,CBSC,COLS,2026-05-15,1,0,0,0,0,1,3674,3183.457,1.1484332,17530,1
CBSC->COLS,CBSC,COLS,2026-05-16,1,0,0,0,0,1,4070,3322.717,1.1986713,17530,1
CBSC->COLS,CBSC,COLS,2026-05-17,1,0,0,1,0,0,4496,4035.433,0.727892,35060,1
CBSC->COLS,CBSC,COLS,2026-05-18,1,0,0,0,0,1,1477,1249.097,0.4506122,17530,1
CBSC->COLS,CBSC,COLS,2026-05-19,1,0,0,0,0,1,291,238.422,0.08601082,17530,0
CBSC->COLS,CBSC,COLS,2026-05-20,1,0,0,0,0,1,9,8.995,0.0032449495,17530,0
CBSC->COLS,CBSC,COLS,2026-05-21,0,0,0,0,0,2,0,0.0,0.0,0,0
CBSC->COLS,CBSC,COLS,2026-05-22,0,0,0,0,0,2,0,0.0,0.0,0,0
CBSC->COLS,CBSC,COLS,2026-05-23,0,0,0,0,0,2,0,0.0,0.0,0,0
CBSC->COLS,CBSC,COLS,2026-05-24,0,0,0,0,0,2,0,0.0,0.0,0,0
CBSC->COLS,CBSC,COLS,2026-05-25,0,0,0,0,0,2,0,0.0,0.0,0,0
CBSC->COLS,CBSC,COLS,2026-05-26,0,0,0,0,0,2,0,0.0,0.0,0,0
CBSC->COLS,CBSC,COLS,2026-05-27,0,0,0,0,0,1,0,0.0,0.0,0,0
CBSC->HASC,CBSC,HASC,2026-04-27,0,0,0,0,0,1,0,0.0,0.0,0,0
CBSC->HASC,CBSC,HASC,2026-04-28,1,0,0,2,0,1,11059,9237.105,1.110763,284382,1
CBSC->HASC,CBSC,HASC,2026-04-29,1,0,0,2,0,1,11865,9895.561,1.1899424,284382,1
CBSC->HASC,CBSC,HASC,2026-04-30,1,0,0,2,0,1,9991,8386.272,1.0084503,284382,1
CBSC->HASC,CBSC,HASC,2026-05-01,1,0,0,2,0,1,9050,7545.144,0.90730447,284382,1
CBSC->HASC,CBSC,HASC,2026-05-02,1,0,0,2,0,1,11938,9898.388,1.1902823,284382,1
CBSC->HASC,CBSC,HASC,2026-05-03,1,0,0,2,0,1,11739,9888.158,1.1890522,284382,1
CBSC->HASC,CBSC,HASC,2026-05-04,1,0,0,2,0,1,11177,9381.526,1.1281296,284382,1
CBSC->HASC,CBSC,HASC,2026-05-05,1,0,0,2,0,1,11284,9408.996,1.1314329,284382,1
CBSC->HASC,CBSC,HASC,2026-05-06,1,0,0,2,0,1,11836,9894.126,1.1897699,284382,1
CBSC->HASC,CBSC,HASC,2026-05-07,1,0,0,2,0,1,10018,8372.276,1.0067672,284382,1
CBSC->HASC,CBSC,HASC,2026-05-08,1,0,0,1,0,2,8544,6720.175,1.2121527,189588,1
CBSC->HASC,CBSC,HASC,2026-05-09,1,0,0,2,0,1,11979,9930.891,1.1941909,284382,0
CBSC->HASC,CBSC,HASC,2026-05-10,1,0,0,3,0,0,12251,10764.974,0.97086704,379176,1
CBSC->HASC,CBSC,HASC,2026-05-11,1,0,0,2,0,1,11115,9289.549,1.1170694,284382,1
CBSC->HASC,CBSC,HASC,2026-05-12,1,0,0,2,0,1,11262,9413.066,1.1319224,284382,1
CBSC->HASC,CBSC,HASC,2026-05-13,1,0,0,2,0,1,11872,9895.902,1.1899834,284382,1
CBSC->HASC,CBSC,HASC,2026-05-14,1,0,0,2,0,1,10007,8412.733,1.0116322,284382,1
CBSC->HASC,CBSC,HASC,2026-05-15,1,0,0,1,0,2,8563,6707.516,1.2098694,189588,1
CBSC->HASC,CBSC,HASC,2026-05-16,1,0,0,2,0,1,11957,9898.942,1.190349,284382,0
CBSC->HASC,CBSC,HASC,2026-05-17,1,0,0,3,0,0,12220,10734.397,0.96810937,379176,1
CBSC->HASC,CBSC,HASC,2026-05-18,1,0,0,0,0,3,250,231.195,0.08340368,94794,1
CBSC->HASC,CBSC,HASC,2026-05-19,0,0,0,0,0,4,0,0.0,0.0,0,0
CBSC->HASC,CBSC,HASC,2026-05-20,0,0,0,0,0,4,0,0.0,0.0,0,0
CBSC->HASC,CBSC,HASC,2026-05-21,0,0,0,0,0,4,0,0.0,0.0,0,0
CBSC->HASC,CBSC,HASC,2026-05-22,0,0,0,0,0,4,0,0.0,0.0,0,0
CBSC->HASC,CBSC,HASC,2026-05-23,0,0,0,0,0,4,0,0.0,0.0,0,0
CBSC->HASC,CBSC,HASC,2026-05-24,0,0,0,0,0,4,0,0.0,0.0,0,0
CBSC->HASC,CBSC,HASC,2026-05-25,0,0,0,0,0,4,0,0.0,0.0,0,0
CBSC->HASC,CBSC,HASC,2026-05-26,0,0,0,0,0,4,0,0.0,0.0,0,0
CBSC->HASC,CBSC,HASC,2026-05-27,0,0,0,0,0,3,0,0.0,0.0,0,0
CBSC->RICH,CBSC,RICH,2026-04-27,0,0,0,0,0,1,0,0.0,0.0,0,0
CBSC->RICH,CBSC,RICH,2026-04-28,1,0,0,0,0,1,546,455.757,0.1644145,102868,1
CBSC->RICH,CBSC,RICH,2026-04-29,1,0,0,0,0,1,597,497.201,0.17936544,102868,1
CBSC->RICH,CBSC,RICH,2026-04-30,1,0,0,0,0,1,513,426.608,0.15389898,102868,1
CBSC->RICH,CBSC,RICH,2026-05-01,1,0,0,0,0,1,450,382.466,0.13797475,102868,1
CBSC->RICH,CBSC,RICH,2026-05-02,1,0,0,0,0,1,607,508.588,0.1834733,102868,1
CBSC->RICH,CBSC,RICH,2026-05-03,1,0,0,0,0,1,585,490.145,0.17681998,102868,1
CBSC->RICH,CBSC,RICH,2026-05-04,1,0,0,0,0,1,548,452.937,0.1633972,102868,1
CBSC->RICH,CBSC,RICH,2026-05-05,1,0,0,0,0,1,552,459.481,0.16575794,102868,1
CBSC->RICH,CBSC,RICH,2026-05-06,1,0,0,0,0,1,600,504.184,0.18188456,102868,1
CBSC->RICH,CBSC,RICH,2026-05-07,1,0,0,0,0,1,516,433.576,0.1564127,102868,1
CBSC->RICH,CBSC,RICH,2026-05-08,1,0,0,0,0,1,438,364.806,0.1316039,102868,1
CBSC->RICH,CBSC,RICH,2026-05-09,1,0,0,0,0,1,623,521.334,0.18807143,102868,1
CBSC->RICH,CBSC,RICH,2026-05-10,1,0,0,0,0,1,576,484.572,0.17480953,102868,1
CBSC->RICH,CBSC,RICH,2026-05-11,1,0,0,0,0,1,548,451.226,0.16277994,102868,1
CBSC->RICH,CBSC,RICH,2026-05-12,1,0,0,0,0,1,554,469.827,0.16949026,102868,1
CBSC->RICH,CBSC,RICH,2026-05-13,1,0,0,0,0,1,598,495.544,0.17876768,102868,1
CBSC->RICH,CBSC,RICH,2026-05-14,1,0,0,0,0,1,518,437.094,0.15768182,102868,1
CBSC->RICH,CBSC,RICH,2026-05-15,1,0,0,0,0,1,440,368.318,0.13287085,102868,1
CBSC->RICH,CBSC,RICH,2026-05-16,1,0,0,0,0,1,614,510.642,0.18421428,102868,1
CBSC->RICH,CBSC,RICH,2026-05-17,1,0,0,0,0,1,584,488.389,0.1761865,102868,1
CBSC->RICH,CBSC,RICH,2026-05-18,1,0,0,0,0,1,10,7.328,0.0026435787,102868,1
CBSC->RICH,CBSC,RICH,2026-05-19,0,0,0,0,0,2,0,0.0,0.0,0,0
CBSC->RICH,CBSC,RICH,2026-05-20,0,0,0,0,0,2,0,0.0,0.0,0,0
CBSC->RICH,CBSC,RICH,2026-05-21,0,0,0,0,0,2,0,0.0,0.0,0,0
CBSC->RICH,CBSC,RICH,2026-05-22,0,0,0,0,0,2,0,0.0,0.0,0,0
CBSC->RICH,CBSC,RICH,2026-05-23,0,0,0,0,0,2,0,0.0,0.0,0,0
CBSC->RICH,CBSC,RICH,2026-05-24,0,0,0,0,0,2,0,0.0,0.0,0,0
CBSC->RICH,CBSC,RICH,2026-05-25,0,0,0,0,0,2,0,0.0,0.0,0,0
CBSC->RICH,CBSC,RICH,2026-05-26,0,0,0,0,0,2,0,0.0,0.0,0,0
CBSC->RICH,CBSC,RICH,2026-05-27,0,0,0,0,0,1,0,0.0,0.0,0,0
CHAR->CLTC,CHAR,CLTC,2026-04-27,0,0,0,0,0,1,0,0.0,0.0,0,0
CHAR->CLTC,CHAR,CLTC,2026-04-28,1,0,0,0,0,1,1401,1170.519,0.42226514,19796,1
CHAR->CLTC,CHAR,CLTC,2026-04-29,1,0,0,0,0,1,1475,1231.996,0.444443,19796,1
CHAR->CLTC,CHAR,CLTC,2026-04-30,1,0,0,0,0,1,1312,1093.4,0.39444444,19796,1
CHAR->CLTC,CHAR,CLTC,2026-05-01,1,0,0,0,0,1,1152,967.777,0.3491259,19796,1
CHAR->CLTC,CHAR,CLTC,2026-05-02,1,0,0,0,0,1,1537,1279.216,0.46147764,19796,1
CHAR->CLTC,CHAR,CLTC,2026-05-03,1,0,0,0,0,1,1476,1235.326,0.4456443,19796,1
CHAR->CLTC,CHAR,CLTC,2026-05-04,1,0,0,0,0,1,1422,1192.687,0.43026227,19796,1
CHAR->CLTC,CHAR,CLTC,2026-05-05,1,0,0,0,0,1,1425,1193.972,0.43072584,19796,1
CHAR->CLTC,CHAR,CLTC,2026-05-06,1,0,0,0,0,1,1484,1240.959,0.44767642,19796,1
CHAR->CLTC,CHAR,CLTC,2026-05-07,1,0,0,0,0,1,1291,1076.965,0.3885155,19796,1
CHAR->CLTC,CHAR,CLTC,2026-05-08,1,0,0,0,0,1,1158,973.217,0.35108837,19796,1
CHAR->CLTC,CHAR,CLTC,2026-05-09,1,0,0,0,0,1,1535,1280.845,0.4620653,19796,1
CHAR->CLTC,CHAR,CLTC,2026-05-10,1,0,0,0,0,1,1487,1235.905,0.44585317,19796,1
CHAR->CLTC,CHAR,CLTC,2026-05-11,1,0,0,0,0,1,1415,1188.872,0.428886,19796,1
CHAR->CLTC,CHAR,CLTC,2026-05-12,1,0,0,0,0,1,1422,1181.869,0.42635965,19796,1
CHAR->CLTC,CHAR,CLTC,2026-05-13,1,0,0,0,0,1,1490,1256.663,0.45334163,19796,1
CHAR->CLTC,CHAR,CLTC,2026-05-14,1,0,0,0,0,1,1292,1075.248,0.3878961,19796,1
CHAR->CLTC,CHAR,CLTC,2026-05-15,1,0,0,0,0,1,1161,973.392,0.35115153,19796,1
CHAR->CLTC,CHAR,CLTC,2026-05-16,1,0,0,0,0,1,1539,1286.16,0.46398267,19796,1
CHAR->CLTC,CHAR,CLTC,2026-05-17,1,0,0,0,0,1,1473,1228.374,0.44313636,19796,1
CHAR->CLTC,CHAR,CLTC,2026-05-18,1,0,0,0,0,1,31,25.467,0.009187229,19796,1
CHAR->CLTC,CHAR,CLTC,2026-05-19,0,0,0,0,0,2,0,0.0,0.0,0,0
CHAR->CLTC,CHAR,CLTC,2026-05-20,0,0,0,0,0,2,0,0.0,0.0,0,0
CHAR->CLTC,CHAR,CLTC,2026-05-21,0,0,0,0,0,2,0,0.0,0.0,0,0
CHAR->CLTC,CHAR,CLTC,2026-05-22,0,0,0,0,0,2,0,0.0,0.0,0,0
CHAR->CLTC,CHAR,CLTC,2026-05-23,0,0,0,0,0,2,0,0.0,0.0,0,0
CHAR->CLTC,CHAR,CLTC,2026-05-24,0,0,0,0,0,2,0,0.0,0.0,0,0
CHAR->CLTC,CHAR,CLTC,2026-05-25,0,0,0,0,0,2,0,0.0,0.0,0,0
CHAR->CLTC,CHAR,CLTC,2026-05-26,0,0,0,0,0,2,0,0.0,0.0,0,0
CHAR->CLTC,CHAR,CLTC,2026-05-27,0,0,0,0,0,1,0,0.0,0.0,0,0
CLTC->CBSC,CLTC,CBSC,2026-04-27,0,0,0,0,0,1,0,0.0,0.0,0,0
CLTC->CBSC,CLTC,CBSC,2026-04-28,1,0,0,0,0,1,820,686.792,0.24776046,102384,1
CLTC->CBSC,CLTC,CBSC,2026-04-29,1,0,0,0,0,1,887,740.089,0.26698738,102384,1
CLTC->CBSC,CLTC,CBSC,2026-04-30,1,0,0,0,0,1,769,646.745,0.23331349,102384,1
CLTC->CBSC,CLTC,CBSC,2026-05-01,1,0,0,0,0,1,683,568.811,0.20519878,102384,1
CLTC->CBSC,CLTC,CBSC,2026-05-02,1,0,0,0,0,1,886,731.287,0.26381204,102384,1
CLTC->CBSC,CLTC,CBSC,2026-05-03,1,0,0,0,0,1,879,745.812,0.26905194,102384,1
CLTC->CBSC,CLTC,CBSC,2026-05-04,1,0,0,0,0,1,845,698.548,0.25200143,102384,1
CLTC->CBSC,CLTC,CBSC,2026-05-05,1,0,0,0,0,1,840,703.177,0.25367135,102384,1
CLTC->CBSC,CLTC,CBSC,2026-05-06,1,0,0,0,0,1,878,736.252,0.26560318,102384,1
CLTC->CBSC,CLTC,CBSC,2026-05-07,1,0,0,0,0,1,765,641.364,0.2313723,102384,1
CLTC->CBSC,CLTC,CBSC,2026-05-08,1,0,0,0,0,1,693,579.6,0.2090909,102384,1
CLTC->CBSC,CLTC,CBSC,2026-05-09,1,0,0,0,0,1,895,743.682,0.26828355,102384,1
CLTC->CBSC,CLTC,CBSC,2026-05-10,1,0,0,0,0,1,871,735.167,0.26521176,102384,1
CLTC->CBSC,CLTC,CBSC,2026-05-11,1,0,0,0,0,1,845,700.274,0.2526241,102384,1
CLTC->CBSC,CLTC,CBSC,2026-05-12,1,0,0,0,0,1,846,712.011,0.25685823,102384,1
CLTC->CBSC,CLTC,CBSC,2026-05-13,1,0,0,0,0,1,874,720.672,0.25998268,102384,1
CLTC->CBSC,CLTC,CBSC,2026-05-14,1,0,0,0,0,1,756,637.469,0.22996718,102384,1
CLTC->CBSC,CLTC,CBSC,2026-05-15,1,0,0,0,0,1,696,583.183,0.21038347,102384,1
CLTC->CBSC,CLTC,CBSC,2026-05-16,1,0,0,0,0,1,895,753.945,0.27198592,102384,1
CLTC->CBSC,CLTC,CBSC,2026-05-17,1,0,0,0,0,1,865,709.243,0.25585967,102384,1
CLTC->CBSC,CLTC,CBSC,2026-05-18,1,0,0,0,0,1,21,26.665,0.009619408,102384,1
CLTC->CBSC,CLTC,CBSC,2026-05-19,0,0,0,0,0,2,0,0.0,0.0,0,0
CLTC->CBSC,CLTC,CBSC,2026-05-20,0,0,0,0,0,2,0,0.0,0.0,0,0
CLTC->CBSC,CLTC,CBSC,2026-05-21,0,0,0,0,0,2,0,0.0,0.0,0,0
CLTC->CBSC,CLTC,CBSC,2026-05-22,0,0,0,0,0,2,0,0.0,0.0,0,0
CLTC->CBSC,CLTC,CBSC,2026-05-23,0,0,0,0,0,2,0,0.0,0.0,0,0
CLTC->CBSC,CLTC,CBSC,2026-05-24,0,0,0,0,0,2,0,0.0,0.0,0,0
CLTC->CBSC,CLTC,CBSC,2026-05-25,0,0,0,0,0,2,0,0.0,0.0,0,0
CLTC->CBSC,CLTC,CBSC,2026-05-26,0,0,0,0,0,2,0,0.0,0.0,0,0
CLTC->CBSC,CLTC,CBSC,2026-05-27,0,0,0,0,0,1,0,0.0,0.0,0,0
CLTC->CHAR,CLTC,CHAR,2026-04-27,0,0,0,0,0,1,0,0.0,0.0,0,0
CLTC->CHAR,CLTC,CHAR,2026-04-28,1,0,0,0,0,1,2553,2129.426,0.7681912,19796,1
CLTC->CHAR,CLTC,CHAR,2026-04-29,1,0,0,0,0,1,4233,3059.746,1.1038045,19796,1
CLTC->CHAR,CLTC,CHAR,2026-04-30,1,0,0,0,0,1,4432,3221.167,1.1620371,19796,1
CLTC->CHAR,CLTC,CHAR,2026-05-01,1,0,0,1,0,0,5509,5598.158,1.0097687,39592,0
CLTC->CHAR,CLTC,CHAR,2026-05-02,1,0,0,0,0,1,4426,3220.59,1.161829,19796,1
CLTC->CHAR,CLTC,CHAR,2026-05-03,1,0,0,0,0,1,4615,3229.912,1.1651919,19796,1
CLTC->CHAR,CLTC,CHAR,2026-05-04,1,0,0,1,0,0,6382,6441.066,1.1618085,39592,0
CLTC->CHAR,CLTC,CHAR,2026-05-05,1,0,0,0,0,1,4534,3226.166,1.1638405,19796,1
CLTC->CHAR,CLTC,CHAR,2026-05-06,1,0,0,1,0,0,5824,5375.021,0.9695204,39592,0
CLTC->CHAR,CLTC,CHAR,2026-05-07,1,0,0,0,0,1,4401,3219.036,1.1612684,19796,1
CLTC->CHAR,CLTC,CHAR,2026-05-08,1,0,0,0,0,1,4158,3207.594,1.1571407,19796,1
CLTC->CHAR,CLTC,CHAR,2026-05-09,1,0,0,0,0,1,4536,3459.922,1.2481681,19796,0
CLTC->CHAR,CLTC,CHAR,2026-05-10,1,0,0,1,0,0,6245,6101.598,1.1005769,39592,0
CLTC->CHAR,CLTC,CHAR,2026-05-11,1,0,0,0,0,1,4579,3228.755,1.1647745,19796,1
CLTC->CHAR,CLTC,CHAR,2026-05-12,1,0,0,0,0,1,4612,3394.521,1.2245747,19796,0
CLTC->CHAR,CLTC,CHAR,2026-05-13,1,0,0,1,0,0,6516,6627.528,1.1954416,39592,0
CLTC->CHAR,CLTC,CHAR,2026-05-14,1,0,0,0,0,1,4455,3221.84,1.16228,19796,1
CLTC->CHAR,CLTC,CHAR,2026-05-15,1,0,0,0,0,1,4127,3219.622,1.1614798,19796,1
CLTC->CHAR,CLTC,CHAR,2026-05-16,1,0,0,1,0,0,5783,5613.13,1.0124693,39592,0
CLTC->CHAR,CLTC,CHAR,2026-05-17,1,0,0,0,0,1,4609,3230.213,1.1653005,19796,1
CLTC->CHAR,CLTC,CHAR,2026-05-18,1,0,0,0,0,1,3315,3316.775,1.1965277,19796,1
CLTC->CHAR,CLTC,CHAR,2026-05-19,1,0,0,0,0,1,635,658.644,0.23760606,19796,1
CLTC->CHAR,CLTC,CHAR,2026-05-20,1,0,0,0,0,1,7,5.474,0.0019747475,19796,0
CLTC->CHAR,CLTC,CHAR,2026-05-21,0,0,0,0,0,2,0,0.0,0.0,0,0
CLTC->CHAR,CLTC,CHAR,2026-05-22,0,0,0,0,0,2,0,0.0,0.0,0,0
CLTC->CHAR,CLTC,CHAR,2026-05-23,0,0,0,0,0,2,0,0.0,0.0,0,0
CLTC->CHAR,CLTC,CHAR,2026-05-24,0,0,0,0,0,2,0,0.0,0.0,0,0
CLTC->CHAR,CLTC,CHAR,2026-05-25,0,0,0,0,0,2,0,0.0,0.0,0,0
CLTC->CHAR,CLTC,CHAR,2026-05-26,0,0,0,0,0,2,0,0.0,0.0,0,0
CLTC->CHAR,CLTC,CHAR,2026-05-27,0,0,0,0,0,1,0,0.0,0.0,0,0
CLTC->GSBO,CLTC,GSBO,2026-04-27,0,0,0,0,0,1,0,0.0,0.0,0,0
CLTC->GSBO,CLTC,GSBO,2026-04-28,1,0,0,0,0,1,924,775.516,0.27976766,32116,1
CLTC->GSBO,CLTC,GSBO,2026-04-29,1,0,0,0,0,1,2258,1893.612,0.6831212,32116,1
CLTC->GSBO,CLTC,GSBO,2026-04-30,1,0,0,0,0,1,2301,1820.515,0.65675145,32116,1
CLTC->GSBO,CLTC,GSBO,2026-05-01,1,0,0,0,0,1,2258,1995.267,0.7197933,32116,1
CLTC->GSBO,CLTC,GSBO,2026-05-02,1,0,0,0,0,1,2241,1836.14,0.66238815,32116,1
CLTC->GSBO,CLTC,GSBO,2026-05-03,1,0,0,0,0,1,2491,2009.852,0.72505486,32116,1
CLTC->GSBO,CLTC,GSBO,2026-05-04,1,0,0,0,0,1,2700,2369.665,0.8548575,32116,1
CLTC->GSBO,CLTC,GSBO,2026-05-05,1,0,0,0,0,1,2318,1858.002,0.6702749,32116,1
CLTC->GSBO,CLTC,GSBO,2026-05-06,1,0,0,0,0,1,2581,2214.302,0.79881024,32116,1
CLTC->GSBO,CLTC,GSBO,2026-05-07,1,0,0,0,0,1,2302,1835.887,0.6622969,32116,1
CLTC->GSBO,CLTC,GSBO,2026-05-08,1,0,0,0,0,1,2278,2013.506,0.726373,32116,1
CLTC->GSBO,CLTC,GSBO,2026-05-09,1,0,0,0,0,1,2247,1839.872,0.6637345,32116,1
CLTC->GSBO,CLTC,GSBO,2026-05-10,1,0,0,0,0,1,2492,2011.579,0.72567785,32116,1
CLTC->GSBO,CLTC,GSBO,2026-05-11,1,0,0,0,0,1,2672,2330.694,0.8407987,32116,1
CLTC->GSBO,CLTC,GSBO,2026-05-12,1,0,0,0,0,1,2343,1872.931,0.67566055,32116,1
CLTC->GSBO,CLTC,GSBO,2026-05-13,1,0,0,0,0,1,2576,2244.834,0.8098247,32116,1
CLTC->GSBO,CLTC,GSBO,2026-05-14,1,0,0,0,0,1,2316,1846.84,0.6662482,32116,1
CLTC->GSBO,CLTC,GSBO,2026-05-15,1,0,0,0,0,1,2253,1978.061,0.7135862,32116,1
CLTC->GSBO,CLTC,GSBO,2026-05-16,1,0,0,0,0,1,2253,1845.281,0.6656858,32116,1
CLTC->GSBO,CLTC,GSBO,2026-05-17,1,0,0,0,0,1,2491,2016.652,0.72750795,32116,1
CLTC->GSBO,CLTC,GSBO,2026-05-18,1,0,0,0,0,1,1747,1573.077,0.5674881,32116,1
CLTC->GSBO,CLTC,GSBO,2026-05-19,1,0,0,0,0,1,226,171.772,0.06196681,32116,1
CLTC->GSBO,CLTC,GSBO,2026-05-20,1,0,0,0,0,1,10,7.328,0.0026435787,32116,0
CLTC->GSBO,CLTC,GSBO,2026-05-21,0,0,0,0,0,2,0,0.0,0.0,0,0
CLTC->GSBO,CLTC,GSBO,2026-05-22,0,0,0,0,0,2,0,0.0,0.0,0,0
CLTC->GSBO,CLTC,GSBO,2026-05-23,0,0,0,0,0,2,0,0.0,0.0,0,0
CLTC->GSBO,CLTC,GSBO,2026-05-24,0,0,0,0,0,2,0,0.0,0.0,0,0
CLTC->GSBO,CLTC,GSBO,2026-05-25,0,0,0,0,0,2,0,0.0,0.0,0,0
CLTC->GSBO,CLTC,GSBO,2026-05-26,0,0,0,0,0,2,0,0.0,0.0,0,0
CLTC->GSBO,CLTC,GSBO,2026-05-27,0,0,0,0,0,1,0,0.0,0.0,0,0
CLTC->HASC,CLTC,HASC,2026-04-27,0,0,0,0,0,1,0,0.0,0.0,0,0
CLTC->HASC,CLTC,HASC,2026-04-28,1,0,0,0,0,3,4097,3212.49,1.1589069,115298,1
CLTC->HASC,CLTC,HASC,2026-04-29,1,0,0,1,0,2,5096,4478.386,0.8077897,230596,2
CLTC->HASC,CLTC,HASC,2026-04-30,1,0,0,0,0,3,4027,3201.099,1.1547977,115298,1
CLTC->HASC,CLTC,HASC,2026-05-01,1,0,0,0,0,3,3800,3189.699,1.1506851,115298,1
CLTC->HASC,CLTC,HASC,2026-05-02,1,0,0,1,0,2,5002,4319.22,0.7790801,230596,2
CLTC->HASC,CLTC,HASC,2026-05-03,1,0,0,1,0,2,4772,3997.088,0.72097546,230596,1
CLTC->HASC,CLTC,HASC,2026-05-04,1,0,0,1,0,2,4723,3948.899,0.7122834,230596,1
CLTC->HASC,CLTC,HASC,2026-05-05,1,0,0,1,0,2,4664,3885.15,0.7007846,230596,1
CLTC->HASC,CLTC,HASC,2026-05-06,1,0,0,1,0,2,4875,4091.406,0.7379881,230596,2
CLTC->HASC,CLTC,HASC,2026-05-07,1,0,0,0,0,3,4014,3200.482,1.154575,115298,1
CLTC->HASC,CLTC,HASC,2026-05-08,1,0,0,0,0,3,3784,3188.811,1.1503648,115298,1
CLTC->HASC,CLTC,HASC,2026-05-09,1,0,0,1,0,2,5021,4321.994,0.7795805,230596,2
CLTC->HASC,CLTC,HASC,2026-05-10,1,0,0,1,0,2,4801,4013.826,0.7239946,230596,1
CLTC->HASC,CLTC,HASC,2026-05-11,1,0,0,1,0,2,4665,3899.779,0.7034233,230596,1
CLTC->HASC,CLTC,HASC,2026-05-12,1,0,0,1,0,2,4673,3924.985,0.7079699,230596,1
CLTC->HASC,CLTC,HASC,2026-05-13,1,0,0,1,0,2,4877,4065.889,0.73338544,230596,1
CLTC->HASC,CLTC,HASC,2026-05-14,1,0,0,0,0,3,4028,3201.243,1.1548495,115298,1
CLTC->HASC,CLTC,HASC,2026-05-15,1,0,0,0,0,3,3775,3188.348,1.1501977,115298,1
CLTC->HASC,CLTC,HASC,2026-05-16,1,0,0,1,0,2,5028,4335.953,0.7820983,230596,2
CLTC->HASC,CLTC,HASC,2026-05-17,1,0,0,1,0,2,4797,4018.755,0.7248837,230596,1
CLTC->HASC,CLTC,HASC,2026-05-18,1,0,0,0,0,3,347,282.026,0.10174098,115298,1
CLTC->HASC,CLTC,HASC,2026-05-19,1,0,0,0,0,3,4,3.613,0.0013033911,115298,1
CLTC->HASC,CLTC,HASC,2026-05-20,0,0,0,0,0,4,0,0.0,0.0,0,0
CLTC->HASC,CLTC,HASC,2026-05-21,0,0,0,0,0,4,0,0.0,0.0,0,0
CLTC->HASC,CLTC,HASC,2026-05-22,0,0,0,0,0,4,0,0.0,0.0,0,0
CLTC->HASC,CLTC,HASC,2026-05-23,0,0,0,0,0,4,0,0.0,0.0,0,0
CLTC->HASC,CLTC,HASC,2026-05-24,0,0,0,0,0,4,0,0.0,0.0,0,0
CLTC->HASC,CLTC,HASC,2026-05-25,0,0,0,0,0,4,0,0.0,0.0,0,0
CLTC->HASC,CLTC,HASC,2026-05-26,0,0,0,0,0,4,0,0.0,0.0,0,0
CLTC->HASC,CLTC,HASC,2026-05-27,0,0,0,0,0,3,0,0.0,0.0,0,0
CLTC->RDUH,CLTC,RDUH,2026-04-27,0,0,0,0,0,1,0,0.0,0.0,0,0
CLTC->RDUH,CLTC,RDUH,2026-04-28,1,0,0,0,0,1,1231,1031.694,0.37218398,42588,1
CLTC->RDUH,CLTC,RDUH,2026-04-29,1,0,0,0,0,1,3115,2586.829,0.93319947,42588,1
CLTC->RDUH,CLTC,RDUH,2026-04-30,1,0,0,0,0,1,3180,2532.288,0.9135238,42588,1
CLTC->RDUH,CLTC,RDUH,2026-05-01,1,0,0,0,0,1,3201,2849.833,1.0280783,42588,1
CLTC->RDUH,CLTC,RDUH,2026-05-02,1,0,0,0,0,1,3038,2464.968,0.8892381,42588,1
CLTC->RDUH,CLTC,RDUH,2026-05-03,1,0,0,0,0,1,3395,2727.438,0.98392427,42588,1
CLTC->RDUH,CLTC,RDUH,2026-05-04,1,0,0,0,0,1,3644,3181.967,1.1478957,42588,1
CLTC->RDUH,CLTC,RDUH,2026-05-05,1,0,0,0,0,1,3247,2612.918,0.9426111,42588,1
CLTC->RDUH,CLTC,RDUH,2026-05-06,1,0,0,0,0,1,3547,3100.617,1.1185488,42588,1
CLTC->RDUH,CLTC,RDUH,2026-05-07,1,0,0,0,0,1,3226,2522.549,0.91001046,42588,1
CLTC->RDUH,CLTC,RDUH,2026-05-08,1,0,0,0,0,1,3173,2829.74,1.0208297,42588,1
CLTC->RDUH,CLTC,RDUH,2026-05-09,1,0,0,0,0,1,3073,2502.592,0.902811,42588,1
CLTC->RDUH,CLTC,RDUH,2026-05-10,1,0,0,0,0,1,3400,2760.152,0.9957258,42588,1
CLTC->RDUH,CLTC,RDUH,2026-05-11,1,0,0,0,0,1,3654,3182.491,1.1480848,42588,1
CLTC->RDUH,CLTC,RDUH,2026-05-12,1,0,0,0,0,1,3220,2563.687,0.924851,42588,1
CLTC->RDUH,CLTC,RDUH,2026-05-13,1,0,0,0,0,1,3559,3114.885,1.1236959,42588,1
CLTC->RDUH,CLTC,RDUH,2026-05-14,1,0,0,0,0,1,3205,2516.37,0.90778136,42588,1
CLTC->RDUH,CLTC,RDUH,2026-05-15,1,0,0,0,0,1,3195,2875.268,1.037254,42588,1
CLTC->RDUH,CLTC,RDUH,2026-05-16,1,0,0,0,0,1,3081,2489.326,0.8980253,42588,1
CLTC->RDUH,CLTC,RDUH,2026-05-17,1,0,0,0,0,1,3361,2696.701,0.97283584,42588,1
CLTC->RDUH,CLTC,RDUH,2026-05-18,1,0,0,0,0,1,2475,2229.157,0.8041692,42588,1
CLTC->RDUH,CLTC,RDUH,2026-05-19,1,0,0,0,0,1,321,256.985,0.09270743,42588,1
CLTC->RDUH,CLTC,RDUH,2026-05-20,1,0,0,0,0,1,9,5.577,0.0020119047,42588,0
CLTC->RDUH,CLTC,RDUH,2026-05-21,0,0,0,0,0,2,0,0.0,0.0,0,0
CLTC->RDUH,CLTC,RDUH,2026-05-22,0,0,0,0,0,2,0,0.0,0.0,0,0
CLTC->RDUH,CLTC,RDUH,2026-05-23,0,0,0,0,0,2,0,0.0,0.0,0,0
CLTC->RDUH,CLTC,RDUH,2026-05-24,0,0,0,0,0,2,0,0.0,0.0,0,0
CLTC->RDUH,CLTC,RDUH,2026-05-25,0,0,0,0,0,2,0,0.0,0.0,0,0
CLTC->RDUH,CLTC,RDUH,2026-05-26,0,0,0,0,0,2,0,0.0,0.0,0,0
CLTC->RDUH,CLTC,RDUH,2026-05-27,0,0,0,0,0,1,0,0.0,0.0,0,0
CLTC->RICH,CLTC,RICH,2026-04-27,0,0,0,0,0,1,0,0.0,0.0,0,0
CLTC->RICH,CLTC,RICH,2026-04-28,1,0,0,0,0,1,366,309.684,0.11171862,75544,1
CLTC->RICH,CLTC,RICH,2026-04-29,1,0,0,0,0,1,399,328.272,0.118424244,75544,1
CLTC->RICH,CLTC,RICH,2026-04-30,1,0,0,0,0,1,352,296.348,0.10690765,75544,1
CLTC->RICH,CLTC,RICH,2026-05-01,1,0,0,0,0,1,295,246.132,0.088792205,75544,1
CLTC->RICH,CLTC,RICH,2026-05-02,1,0,0,0,0,1,413,342.94,0.12371573,75544,1
CLTC->RICH,CLTC,RICH,2026-05-03,1,0,0,0,0,1,392,330.441,0.11920671,75544,1
CLTC->RICH,CLTC,RICH,2026-05-04,1,0,0,0,0,1,371,313.35,0.113041125,75544,1
CLTC->RICH,CLTC,RICH,2026-05-05,1,0,0,0,0,1,376,315.296,0.11374315,75544,1
CLTC->RICH,CLTC,RICH,2026-05-06,1,0,0,0,0,1,405,332.007,0.119771644,75544,1
CLTC->RICH,CLTC,RICH,2026-05-07,1,0,0,0,0,1,346,290.909,0.104945526,75544,1
CLTC->RICH,CLTC,RICH,2026-05-08,1,0,0,0,0,1,298,246.282,0.08884632,75544,1
CLTC->RICH,CLTC,RICH,2026-05-09,1,0,0,0,0,1,409,346.15,0.124873735,75544,1
CLTC->RICH,CLTC,RICH,2026-05-10,1,0,0,0,0,1,395,330.597,0.119262986,75544,1
CLTC->RICH,CLTC,RICH,2026-05-11,1,0,0,0,0,1,369,308.13,0.111158006,75544,1
CLTC->RICH,CLTC,RICH,2026-05-12,1,0,0,0,0,1,374,310.084,0.11186291,75544,1
CLTC->RICH,CLTC,RICH,2026-05-13,1,0,0,0,0,1,401,336.91,0.121540405,75544,1
CLTC->RICH,CLTC,RICH,2026-05-14,1,0,0,0,0,1,347,287.542,0.10373088,75544,1
CLTC->RICH,CLTC,RICH,2026-05-15,1,0,0,0,0,1,303,255.09,0.09202381,75544,1
CLTC->RICH,CLTC,RICH,2026-05-16,1,0,0,0,0,1,404,340.767,0.122931816,75544,1
CLTC->RICH,CLTC,RICH,2026-05-17,1,0,0,0,0,1,395,327.178,0.11802958,75544,1
CLTC->RICH,CLTC,RICH,2026-05-18,1,0,0,0,0,1,6,5.424,0.00195671,75544,1
CLTC->RICH,CLTC,RICH,2026-05-19,0,0,0,0,0,2,0,0.0,0.0,0,0
CLTC->RICH,CLTC,RICH,2026-05-20,0,0,0,0,0,2,0,0.0,0.0,0,0
CLTC->RICH,CLTC,RICH,2026-05-21,0,0,0,0,0,2,0,0.0,0.0,0,0
CLTC->RICH,CLTC,RICH,2026-05-22,0,0,0,0,0,2,0,0.0,0.0,0,0
CLTC->RICH,CLTC,RICH,2026-05-23,0,0,0,0,0,2,0,0.0,0.0,0,0
CLTC->RICH,CLTC,RICH,2026-05-24,0,0,0,0,0,2,0,0.0,0.0,0,0
CLTC->RICH,CLTC,RICH,2026-05-25,0,0,0,0,0,2,0,0.0,0.0,0,0
CLTC->RICH,CLTC,RICH,2026-05-26,0,0,0,0,0,2,0,0.0,0.0,0,0
CLTC->RICH,CLTC,RICH,2026-05-27,0,0,0,0,0,1,0,0.0,0.0,0,0
HASC->BALT,HASC,BALT,2026-04-27,0,0,0,0,0,1,0,0.0,0.0,0,0
HASC->BALT,HASC,BALT,2026-04-28,1,0,0,0,0,1,3177,2703.781,0.97538996,33480,1
HASC->BALT,HASC,BALT,2026-04-29,1,0,0,0,0,1,4308,3063.668,1.1052194,33480,1
HASC->BALT,HASC,BALT,2026-04-30,1,0,0,1,0,0,5172,4856.168,0.87593216,66960,0
HASC->BALT,HASC,BALT,2026-05-01,1,0,0,0,0,1,3993,3198.751,1.1539506,33480,1
HASC->BALT,HASC,BALT,2026-05-02,1,0,0,0,0,1,4310,3214.444,1.1596118,33480,1
HASC->BALT,HASC,BALT,2026-05-03,1,0,0,1,0,0,5644,5230.934,0.9435307,66960,0
HASC->BALT,HASC,BALT,2026-05-04,1,0,0,0,0,1,4418,3220.175,1.1616793,33480,0
HASC->BALT,HASC,BALT,2026-05-05,1,0,0,1,0,0,5384,4958.026,0.8943048,66960,0
HASC->BALT,HASC,BALT,2026-05-06,1,0,0,0,0,1,4525,3313.831,1.1954657,33480,1
HASC->BALT,HASC,BALT,2026-05-07,1,0,0,1,0,0,5151,4820.514,0.86950105,66960,0
HASC->BALT,HASC,BALT,2026-05-08,1,0,0,0,0,1,4017,3199.895,1.1543633,33480,1
HASC->BALT,HASC,BALT,2026-05-09,1,0,0,0,0,1,4269,3212.387,1.1588697,33480,1
HASC->BALT,HASC,BALT,2026-05-10,1,0,0,1,0,0,5617,5171.563,0.93282163,66960,0
HASC->BALT,HASC,BALT,2026-05-11,1,0,0,0,0,1,4410,3241.869,1.1695054,33480,0
HASC->BALT,HASC,BALT,2026-05-12,1,0,0,1,0,0,5391,4917.407,0.88697815,66960,0
HASC->BALT,HASC,BALT,2026-05-13,1,0,0,0,0,1,4500,3305.773,1.1925588,33480,1
HASC->BALT,HASC,BALT,2026-05-14,1,0,0,1,0,0,5177,4832.08,0.8715873,66960,0
HASC->BALT,HASC,BALT,2026-05-15,1,0,0,0,0,1,4023,3200.282,1.1545029,33480,1
HASC->BALT,HASC,BALT,2026-05-16,1,0,0,0,0,1,4271,3212.434,1.1588867,33480,1
HASC->BALT,HASC,BALT,2026-05-17,1,0,0,1,0,0,5636,5210.064,0.9397662,66960,0
HASC->BALT,HASC,BALT,2026-05-18,1,0,0,0,0,1,1784,1483.628,0.5352193,33480,1
HASC->BALT,HASC,BALT,2026-05-19,1,0,0,0,0,1,168,137.409,0.049570348,33480,1
HASC->BALT,HASC,BALT,2026-05-20,0,0,0,0,0,2,0,0.0,0.0,0,0
HASC->BALT,HASC,BALT,2026-05-21,0,0,0,0,0,2,0,0.0,0.0,0,0
HASC->BALT,HASC,BALT,2026-05-22,0,0,0,0,0,2,0,0.0,0.0,0,0
HASC->BALT,HASC,BALT,2026-05-23,0,0,0,0,0,2,0,0.0,0.0,0,0
HASC->BALT,HASC,BALT,2026-05-24,0,0,0,0,0,2,0,0.0,0.0,0,0
HASC->BALT,HASC,BALT,2026-05-25,0,0,0,0,0,2,0,0.0,0.0,0,0
HASC->BALT,HASC,BALT,2026-05-26,0,0,0,0,0,2,0,0.0,0.0,0,0
HASC->BALT,HASC,BALT,2026-05-27,0,0,0,0,0,1,0,0.0,0.0,0,0
HASC->BUFF,HASC,BUFF,2026-04-27,0,0,0,0,0,1,0,0.0,0.0,0,0
HASC->BUFF,HASC,BUFF,2026-04-28,1,0,0,0,0,1,472,400.24,0.14438672,68724,1
HASC->BUFF,HASC,BUFF,2026-04-29,1,0,0,0,0,1,1379,1154.946,0.4166472,68724,1
HASC->BUFF,HASC,BUFF,2026-04-30,1,0,0,0,0,1,1373,1155.779,0.4169477,68724,1
HASC->BUFF,HASC,BUFF,2026-05-01,1,0,0,0,0,1,1227,1029.15,0.37126625,68724,1
HASC->BUFF,HASC,BUFF,2026-05-02,1,0,0,0,0,1,1197,969.355,0.34969518,68724,1
HASC->BUFF,HASC,BUFF,2026-05-03,1,0,0,0,0,1,1455,1232.647,0.44467786,68724,1
HASC->BUFF,HASC,BUFF,2026-05-04,1,0,0,0,0,1,1442,1195.406,0.43124315,68724,1
HASC->BUFF,HASC,BUFF,2026-05-05,1,0,0,0,0,1,1375,1161.647,0.41906458,68724,1
HASC->BUFF,HASC,BUFF,2026-05-06,1,0,0,0,0,1,1404,1147.711,0.41403717,68724,1
HASC->BUFF,HASC,BUFF,2026-05-07,1,0,0,0,0,1,1401,1198.206,0.43225324,68724,1
HASC->BUFF,HASC,BUFF,2026-05-08,1,0,0,0,0,1,1214,1019.955,0.36794913,68724,1
HASC->BUFF,HASC,BUFF,2026-05-09,1,0,0,0,0,1,1199,986.666,0.3559401,68724,1
HASC->BUFF,HASC,BUFF,2026-05-10,1,0,0,0,0,1,1453,1196.57,0.43166307,68724,1
HASC->BUFF,HASC,BUFF,2026-05-11,1,0,0,0,0,1,1482,1267.401,0.45721537,68724,1
HASC->BUFF,HASC,BUFF,2026-05-12,1,0,0,0,0,1,1351,1124.587,0.40569517,68724,1
HASC->BUFF,HASC,BUFF,2026-05-13,1,0,0,0,0,1,1394,1150.612,0.4150837,68724,1
HASC->BUFF,HASC,BUFF,2026-05-14,1,0,0,0,0,1,1412,1200.481,0.43307397,68724,1
HASC->BUFF,HASC,BUFF,2026-05-15,1,0,0,0,0,1,1219,1037.285,0.37420094,68724,1
HASC->BUFF,HASC,BUFF,2026-05-16,1,0,0,0,0,1,1167,926.987,0.3344109,68724,1
HASC->BUFF,HASC,BUFF,2026-05-17,1,0,0,0,0,1,1477,1221.654,0.44071212,68724,1
HASC->BUFF,HASC,BUFF,2026-05-18,1,0,0,0,0,1,990,865.042,0.3120642,68724,1
HASC->BUFF,HASC,BUFF,2026-05-19,1,0,0,0,0,1,32,27.247,0.009829365,68724,1
HASC->BUFF,HASC,BUFF,2026-05-20,0,0,0,0,0,2,0,0.0,0.0,0,0
HASC->BUFF,HASC,BUFF,2026-05-21,0,0,0,0,0,2,0,0.0,0.0,0,0
HASC->BUFF,HASC,BUFF,2026-05-22,0,0,0,0,0,2,0,0.0,0.0,0,0
HASC->BUFF,HASC,BUFF,2026-05-23,0,0,0,0,0,2,0,0.0,0.0,0,0
HASC->BUFF,HASC,BUFF,2026-05-24,0,0,0,0,0,2,0,0.0,0.0,0,0
HASC->BUFF,HASC,BUFF,2026-05-25,0,0,0,0,0,2,0,0.0,0.0,0,0
HASC->BUFF,HASC,BUFF,2026-05-26,0,0,0,0,0,2,0,0.0,0.0,0,0
HASC->BUFF,HASC,BUFF,2026-05-27,0,0,0,0,0,1,0,0.0,0.0,0,0
HASC->CBSC,HASC,CBSC,2026-04-27,0,0,0,0,0,1,0,0.0,0.0,0,0
HASC->CBSC,HASC,CBSC,2026-04-28,1,0,0,0,0,1,2226,1920.366,0.69277275,94794,1
HASC->CBSC,HASC,CBSC,2026-04-29,1,0,0,0,0,1,3095,2537.65,0.91545814,94794,1
HASC->CBSC,HASC,CBSC,2026-04-30,1,0,0,0,0,1,2919,2497.793,0.9010797,94794,1
HASC->CBSC,HASC,CBSC,2026-05-01,1,0,0,0,0,1,2657,2230.512,0.804658,94794,1
HASC->CBSC,HASC,CBSC,2026-05-02,1,0,0,0,0,1,2949,2403.073,0.86690944,94794,1
HASC->CBSC,HASC,CBSC,2026-05-03,1,0,0,0,0,1,3247,2745.24,0.9903463,94794,1
HASC->CBSC,HASC,CBSC,2026-05-04,1,0,0,0,0,1,3021,2516.728,0.9079105,94794,1
HASC->CBSC,HASC,CBSC,2026-05-05,1,0,0,0,0,1,2991,2469.936,0.8910303,94794,1
HASC->CBSC,HASC,CBSC,2026-05-06,1,0,0,0,0,1,3065,2532.613,0.91364104,94794,1
HASC->CBSC,HASC,CBSC,2026-05-07,1,0,0,0,0,1,3019,2598.546,0.9374264,94794,1
HASC->CBSC,HASC,CBSC,2026-05-08,1,0,0,0,0,1,2646,2212.961,0.7983265,94794,1
HASC->CBSC,HASC,CBSC,2026-05-09,1,0,0,0,0,1,2970,2460.42,0.8875974,94794,1
HASC->CBSC,HASC,CBSC,2026-05-10,1,0,0,0,0,1,3171,2645.785,0.9544679,94794,1
HASC->CBSC,HASC,CBSC,2026-05-11,1,0,0,0,0,1,3089,2598.762,0.93750435,94794,1
HASC->CBSC,HASC,CBSC,2026-05-12,1,0,0,0,0,1,2987,2452.636,0.88478935,94794,1
HASC->CBSC,HASC,CBSC,2026-05-13,1,0,0,0,0,1,3063,2530.745,0.91296715,94794,1
HASC->CBSC,HASC,CBSC,2026-05-14,1,0,0,0,0,1,3006,2606.477,0.94028753,94794,1
HASC->CBSC,HASC,CBSC,2026-05-15,1,0,0,0,0,1,2689,2269.646,0.8187756,94794,1
HASC->CBSC,HASC,CBSC,2026-05-16,1,0,0,0,0,1,2916,2358.774,0.85092854,94794,1
HASC->CBSC,HASC,CBSC,2026-05-17,1,0,0,0,0,1,3204,2690.086,0.9704495,94794,1
HASC->CBSC,HASC,CBSC,2026-05-18,1,0,0,0,0,1,841,686.208,0.24754979,94794,1
HASC->CBSC,HASC,CBSC,2026-05-19,1,0,0,0,0,1,26,25.216,0.009096681,94794,1
HASC->CBSC,HASC,CBSC,2026-05-20,0,0,0,0,0,2,0,0.0,0.0,0,0
HASC->CBSC,HASC,CBSC,2026-05-21,0,0,0,0,0,2,0,0.0,0.0,0,0
HASC->CBSC,HASC,CBSC,2026-05-22,0,0,0,0,0,2,0,0.0,0.0,0,0
HASC->CBSC,HASC,CBSC,2026-05-23,0,0,0,0,0,2,0,0.0,0.0,0,0
HASC->CBSC,HASC,CBSC,2026-05-24,0,0,0,0,0,2,0,0.0,0.0,0,0
HASC->CBSC,HASC,CBSC,2026-05-25,0,0,0,0,0,2,0,0.0,0.0,0,0
HASC->CBSC,HASC,CBSC,2026-05-26,0,0,0,0,0,2,0,0.0,0.0,0,0
HASC->CBSC,HASC,CBSC,2026-05-27,0,0,0,0,0,1,0,0.0,0.0,0,0
HASC->CLTC,HASC,CLTC,2026-04-27,0,0,0,0,0,1,0,0.0,0.0,0,0
HASC->CLTC,HASC,CLTC,2026-04-28,1,0,0,0,0,1,3760,3187.691,1.1499606,115298,1
HASC->CLTC,HASC,CLTC,2026-04-29,1,0,0,0,0,1,4694,3233.668,1.166547,115298,0
HASC->CLTC,HASC,CLTC,2026-04-30,1,0,0,1,0,0,5698,5522.113,0.99605215,230596,0
HASC->CLTC,HASC,CLTC,2026-05-01,1,0,0,0,0,1,4225,3210.707,1.1582637,115298,1
HASC->CLTC,HASC,CLTC,2026-05-02,1,0,0,0,0,1,4598,3343.223,1.2060689,115298,0
HASC->CLTC,HASC,CLTC,2026-05-03,1,0,0,1,0,0,6383,6124.329,1.104677,230596,0
HASC->CLTC,HASC,CLTC,2026-05-04,1,0,0,0,0,1,4606,3230.283,1.1653258,115298,1
HASC->CLTC,HASC,CLTC,2026-05-05,1,0,0,1,0,0,5812,5400.141,0.9740514,230596,0
HASC->CLTC,HASC,CLTC,2026-05-06,1,0,0,0,0,1,4693,3233.386,1.1664451,115298,1
HASC->CLTC,HASC,CLTC,2026-05-07,1,0,0,1,0,0,5740,5625.371,1.0146773,230596,0
HASC->CLTC,HASC,CLTC,2026-05-08,1,0,0,0,0,1,4257,3212.37,1.1588637,115298,1
HASC->CLTC,HASC,CLTC,2026-05-09,1,0,0,0,0,1,4619,3373.339,1.2169333,115298,0
HASC->CLTC,HASC,CLTC,2026-05-10,1,0,0,1,0,0,6287,5986.239,1.0797689,230596,0
HASC->CLTC,HASC,CLTC,2026-05-11,1,0,0,0,0,1,4623,3231.17,1.1656457,115298,0
HASC->CLTC,HASC,CLTC,2026-05-12,1,0,0,1,0,0,5869,5555.117,1.0020052,230596,0
HASC->CLTC,HASC,CLTC,2026-05-13,1,0,0,0,0,1,4710,3234.184,1.166733,115298,1
HASC->CLTC,HASC,CLTC,2026-05-14,1,0,0,1,0,0,5776,5645.899,1.01838,230596,0
HASC->CLTC,HASC,CLTC,2026-05-15,1,0,0,0,0,1,4225,3210.864,1.1583203,115298,1
HASC->CLTC,HASC,CLTC,2026-05-16,1,0,0,0,0,1,4610,3347.194,1.2075014,115298,0
HASC->CLTC,HASC,CLTC,2026-05-17,1,0,0,1,0,0,6332,6038.05,1.0891143,230596,0
HASC->CLTC,HASC,CLTC,2026-05-18,1,0,0,0,0,1,1492,1168.107,0.42139503,115298,1
HASC->CLTC,HASC,CLTC,2026-05-19,1,0,0,0,0,1,45,38.136,0.013757575,115298,1
HASC->CLTC,HASC,CLTC,2026-05-20,0,0,0,0,0,2,0,0.0,0.0,0,0
HASC->CLTC,HASC,CLTC,2026-05-21,0,0,0,0,0,2,0,0.0,0.0,0,0
HASC->CLTC,HASC,CLTC,2026-05-22,0,0,0,0,0,2,0,0.0,0.0,0,0
HASC->CLTC,HASC,CLTC,2026-05-23,0,0,0,0,0,2,0,0.0,0.0,0,0
HASC->CLTC,HASC,CLTC,2026-05-24,0,0,0,0,0,2,0,0.0,0.0,0,0
HASC->CLTC,HASC,CLTC,2026-05-25,0,0,0,0,0,2,0,0.0,0.0,0,0
HASC->CLTC,HASC,CLTC,2026-05-26,0,0,0,0,0,2,0,0.0,0.0,0,0
HASC->CLTC,HASC,CLTC,2026-05-27,0,0,0,0,0,1,0,0.0,0.0,0,0
HASC->DCMD,HASC,DCMD,2026-04-27,0,0,0,0,0,1,0,0.0,0.0,0,0
HASC->DCMD,HASC,DCMD,2026-04-28,1,0,0,0,0,2,3996,3046.994,1.0992042,38474,1
HASC->DCMD,HASC,DCMD,2026-04-29,1,0,0,1,0,1,7309,6437.527,1.1611701,76948,1
HASC->DCMD,HASC,DCMD,2026-04-30,1,0,0,1,0,1,6779,5660.278,1.0209737,76948,1
HASC->DCMD,HASC,DCMD,2026-05-01,1,0,0,1,0,1,6028,5032.826,0.9077969,76948,2
HASC->DCMD,HASC,DCMD,2026-05-02,1,0,0,1,0,1,6781,5661.45,1.021185,76948,0
HASC->DCMD,HASC,DCMD,2026-05-03,1,0,0,1,0,1,7203,6007.26,1.0835606,76948,1
HASC->DCMD,HASC,DCMD,2026-05-04,1,0,0,1,0,1,7108,6019.149,1.085705,76948,1
HASC->DCMD,HASC,DCMD,2026-05-05,1,0,0,1,0,1,6957,5753.074,1.0377117,76948,2
HASC->DCMD,HASC,DCMD,2026-05-06,1,0,0,1,0,1,7209,5953.616,1.0738846,76948,0
HASC->DCMD,HASC,DCMD,2026-05-07,1,0,0,1,0,1,6842,5851.423,1.0554515,76948,1
HASC->DCMD,HASC,DCMD,2026-05-08,1,0,0,1,0,1,6017,5028.839,0.9070777,76948,2
HASC->DCMD,HASC,DCMD,2026-05-09,1,0,0,1,0,1,6705,5510.732,0.9939993,76948,2
HASC->DCMD,HASC,DCMD,2026-05-10,1,0,0,1,0,1,7273,6097.796,1.0998911,76948,1
HASC->DCMD,HASC,DCMD,2026-05-11,1,0,0,1,0,1,7173,6070.309,1.094933,76948,1
HASC->DCMD,HASC,DCMD,2026-05-12,1,0,0,1,0,1,6924,5727.53,1.0331043,76948,2
HASC->DCMD,HASC,DCMD,2026-05-13,1,0,0,1,0,1,7280,6049.449,1.0911704,76948,0
HASC->DCMD,HASC,DCMD,2026-05-14,1,0,0,1,0,1,6776,5769.485,1.040672,76948,0
HASC->DCMD,HASC,DCMD,2026-05-15,1,0,0,1,0,1,6063,5072.171,0.91489375,76948,2
HASC->DCMD,HASC,DCMD,2026-05-16,1,0,0,1,0,1,6706,5514.156,0.99461687,76948,2
HASC->DCMD,HASC,DCMD,2026-05-17,1,0,0,1,0,1,7239,6092.715,1.0989746,76948,1
HASC->DCMD,HASC,DCMD,2026-05-18,1,0,0,0,0,2,2777,2310.872,0.8336479,38474,1
HASC->DCMD,HASC,DCMD,2026-05-19,1,0,0,0,0,2,360,292.813,0.105632395,38474,1
HASC->DCMD,HASC,DCMD,2026-05-20,1,0,0,0,0,2,7,5.475,0.0019751082,38474,1
HASC->DCMD,HASC,DCMD,2026-05-21,0,0,0,0,0,3,0,0.0,0.0,0,0
HASC->DCMD,HASC,DCMD,2026-05-22,0,0,0,0,0,3,0,0.0,0.0,0,0
HASC->DCMD,HASC,DCMD,2026-05-23,0,0,0,0,0,3,0,0.0,0.0,0,0
HASC->DCMD,HASC,DCMD,2026-05-24,0,0,0,0,0,3,0,0.0,0.0,0,0
HASC->DCMD,HASC,DCMD,2026-05-25,0,0,0,0,0,3,0,0.0,0.0,0,0
HASC->DCMD,HASC,DCMD,2026-05-26,0,0,0,0,0,3,0,0.0,0.0,0,0
HASC->DCMD,HASC,DCMD,2026-05-27,0,0,0,0,0,2,0,0.0,0.0,0,0
HASC->HRBG,HASC,HRBG,2026-04-27,0,0,0,0,0,1,0,0.0,0.0,0,0
HASC->HRBG,HASC,HRBG,2026-04-28,1,0,0,0,0,1,1315,1121.984,0.40475613,19444,1
HASC->HRBG,HASC,HRBG,2026-04-29,1,0,0,0,0,1,2008,1669.905,0.60241884,19444,1
HASC->HRBG,HASC,HRBG,2026-04-30,1,0,0,0,0,1,1858,1552.139,0.5599347,19444,1
HASC->HRBG,HASC,HRBG,2026-05-01,1,0,0,0,0,1,1606,1338.79,0.482969,19444,1
HASC->HRBG,HASC,HRBG,2026-05-02,1,0,0,0,0,1,1909,1601.09,0.5775938,19444,1
HASC->HRBG,HASC,HRBG,2026-05-03,1,0,0,0,0,1,2039,1698.822,0.61285067,19444,1
HASC->HRBG,HASC,HRBG,2026-05-04,1,0,0,0,0,1,2021,1704.754,0.6149906,19444,1
HASC->HRBG,HASC,HRBG,2026-05-05,1,0,0,0,0,1,1917,1570.179,0.56644267,19444,1
HASC->HRBG,HASC,HRBG,2026-05-06,1,0,0,0,0,1,2019,1671.821,0.60311,19444,1
HASC->HRBG,HASC,HRBG,2026-05-07,1,0,0,0,0,1,1865,1603.959,0.5786288,19444,1
HASC->HRBG,HASC,HRBG,2026-05-08,1,0,0,0,0,1,1626,1367.106,0.49318397,19444,1
HASC->HRBG,HASC,HRBG,2026-05-09,1,0,0,0,0,1,1869,1522.124,0.5491068,19444,1
HASC->HRBG,HASC,HRBG,2026-05-10,1,0,0,0,0,1,2054,1723.598,0.6217886,19444,1
HASC->HRBG,HASC,HRBG,2026-05-11,1,0,0,0,0,1,2027,1703.377,0.61449385,19444,1
HASC->HRBG,HASC,HRBG,2026-05-12,1,0,0,0,0,1,1922,1607.94,0.58006495,19444,1
HASC->HRBG,HASC,HRBG,2026-05-13,1,0,0,0,0,1,2018,1673.472,0.60370564,19444,1
HASC->HRBG,HASC,HRBG,2026-05-14,1,0,0,0,0,1,1852,1560.651,0.5630054,19444,1
HASC->HRBG,HASC,HRBG,2026-05-15,1,0,0,0,0,1,1620,1344.616,0.4850707,19444,1
HASC->HRBG,HASC,HRBG,2026-05-16,1,0,0,0,0,1,1886,1570.795,0.5666649,19444,1
HASC->HRBG,HASC,HRBG,2026-05-17,1,0,0,0,0,1,2049,1709.595,0.616737,19444,1
HASC->HRBG,HASC,HRBG,2026-05-18,1,0,0,0,0,1,681,583.077,0.21034524,19444,1
HASC->HRBG,HASC,HRBG,2026-05-19,1,0,0,0,0,1,23,21.679,0.007820707,19444,1
HASC->HRBG,HASC,HRBG,2026-05-20,0,0,0,0,0,2,0,0.0,0.0,0,0
HASC->HRBG,HASC,HRBG,2026-05-21,0,0,0,0,0,2,0,0.0,0.0,0,0
HASC->HRBG,HASC,HRBG,2026-05-22,0,0,0,0,0,2,0,0.0,0.0,0,0
HASC->HRBG,HASC,HRBG,2026-05-23,0,0,0,0,0,2,0,0.0,0.0,0,0
HASC->HRBG,HASC,HRBG,2026-05-24,0,0,0,0,0,2,0,0.0,0.0,0,0
HASC->HRBG,HASC,HRBG,2026-05-25,0,0,0,0,0,2,0,0.0,0.0,0,0
HASC->HRBG,HASC,HRBG,2026-05-26,0,0,0,0,0,2,0,0.0,0.0,0,0
HASC->HRBG,HASC,HRBG,2026-05-27,0,0,0,0,0,1,0,0.0,0.0,0,0
HASC->NJSC,HASC,NJSC,2026-04-27,0,0,0,0,0,1,0,0.0,0.0,0,0
HASC->NJSC,HASC,NJSC,2026-04-28,1,0,0,3,0,5,14379,12025.595,1.0845594,216904,3
HASC->NJSC,HASC,NJSC,2026-04-29,1,0,0,6,0,2,24803,20546.6,1.0588847,379582,2
HASC->NJSC,HASC,NJSC,2026-04-30,1,0,0,4,0,4,21726,16718.707,1.2062559,271130,2
HASC->NJSC,HASC,NJSC,2026-05-01,1,0,0,5,0,3,22236,19944.85,1.1991853,325356,2
HASC->NJSC,HASC,NJSC,2026-05-02,1,0,0,4,0,4,18664,16764.36,1.2095498,271130,2
HASC->NJSC,HASC,NJSC,2026-05-03,1,0,0,6,0,2,26029,22646.217,1.16709,379582,2
HASC->NJSC,HASC,NJSC,2026-05-04,1,0,0,6,0,2,24961,20839.271,1.0739678,379582,2
HASC->NJSC,HASC,NJSC,2026-05-05,1,0,0,6,0,2,26220,20911.645,1.0776976,379582,3
HASC->NJSC,HASC,NJSC,2026-05-06,1,0,0,6,0,2,26686,20816.74,1.0728066,379582,3
HASC->NJSC,HASC,NJSC,2026-05-07,1,0,0,6,0,2,24060,20853.768,1.0747149,379582,2
HASC->NJSC,HASC,NJSC,2026-05-08,1,0,0,5,0,3,20683,17196.896,1.0339644,325356,2
HASC->NJSC,HASC,NJSC,2026-05-09,1,0,0,5,0,3,23109,19047.66,1.1452417,325356,2
HASC->NJSC,HASC,NJSC,2026-05-10,1,0,0,6,0,2,25510,21399.322,1.1028304,379582,3
HASC->NJSC,HASC,NJSC,2026-05-11,1,0,0,6,0,2,24940,21133.012,1.089106,379582,2
HASC->NJSC,HASC,NJSC,2026-05-12,1,0,0,5,0,3,23923,19648.107,1.1813437,325356,2
HASC->NJSC,HASC,NJSC,2026-05-13,1,0,0,6,0,2,25636,21796.172,1.1232823,379582,2
HASC->NJSC,HASC,NJSC,2026-05-14,1,0,0,5,0,3,20954,18097.496,1.0881131,325356,4
HASC->NJSC,HASC,NJSC,2026-05-15,1,0,0,5,0,3,22370,17390.58,1.0456097,325356,3
HASC->NJSC,HASC,NJSC,2026-05-16,1,0,0,5,0,3,23521,19846.236,1.1932561,325356,2
HASC->NJSC,HASC,NJSC,2026-05-17,1,0,0,6,0,2,25187,20783.473,1.0710921,379582,3
HASC->NJSC,HASC,NJSC,2026-05-18,1,0,0,3,0,5,11234,10227.49,0.92239267,216904,3
HASC->NJSC,HASC,NJSC,2026-05-19,1,0,0,0,0,8,331,281.803,0.101660535,54226,1
HASC->NJSC,HASC,NJSC,2026-05-20,1,0,0,0,0,8,1,1.764,0.00063636363,54226,1
HASC->NJSC,HASC,NJSC,2026-05-21,0,0,0,0,0,9,0,0.0,0.0,0,0
HASC->NJSC,HASC,NJSC,2026-05-22,0,0,0,0,0,9,0,0.0,0.0,0,0
HASC->NJSC,HASC,NJSC,2026-05-23,0,0,0,0,0,9,0,0.0,0.0,0,0
HASC->NJSC,HASC,NJSC,2026-05-24,0,0,0,0,0,9,0,0.0,0.0,0,0
HASC->NJSC,HASC,NJSC,2026-05-25,0,0,0,0,0,9,0,0.0,0.0,0,0
HASC->NJSC,HASC,NJSC,2026-05-26,0,0,0,0,0,9,0,0.0,0.0,0,0
HASC->NJSC,HASC,NJSC,2026-05-27,0,0,0,0,0,8,0,0.0,0.0,0,0
HASC->PITT,HASC,PITT,2026-04-27,0,0,0,0,0,1,0,0.0,0.0,0,0
HASC->PITT,HASC,PITT,2026-04-28,1,0,0,0,0,1,1077,931.231,0.3359419,54292,1
HASC->PITT,HASC,PITT,2026-04-29,1,0,0,0,0,1,3750,3034.492,1.0946941,54292,1
HASC->PITT,HASC,PITT,2026-04-30,1,0,0,0,0,1,3862,3191.607,1.1513734,54292,1
HASC->PITT,HASC,PITT,2026-05-01,1,0,0,0,0,1,3590,3113.593,1.1232297,54292,1
HASC->PITT,HASC,PITT,2026-05-02,1,0,0,0,0,1,3417,2859.881,1.0317031,54292,1
HASC->PITT,HASC,PITT,2026-05-03,1,0,0,0,0,1,3888,3042.303,1.0975119,54292,1
HASC->PITT,HASC,PITT,2026-05-04,1,0,0,1,0,0,4256,3787.43,0.6831584,108584,1
HASC->PITT,HASC,PITT,2026-05-05,1,0,0,0,0,1,3864,3182.525,1.148097,54292,1
HASC->PITT,HASC,PITT,2026-05-06,1,0,0,0,0,1,3871,3192.721,1.1517752,54292,1
HASC->PITT,HASC,PITT,2026-05-07,1,0,0,0,0,1,3859,3191.48,1.1513276,54292,1
HASC->PITT,HASC,PITT,2026-05-08,1,0,0,0,0,1,3596,3096.802,1.1171725,54292,1
HASC->PITT,HASC,PITT,2026-05-09,1,0,0,0,0,1,3313,2705.921,0.97616196,54292,1
HASC->PITT,HASC,PITT,2026-05-10,1,0,0,0,0,1,3905,3043.215,1.0978409,54292,1
HASC->PITT,HASC,PITT,2026-05-11,1,0,0,1,0,0,4358,3963.439,0.71490604,108584,0
HASC->PITT,HASC,PITT,2026-05-12,1,0,0,0,0,1,3871,3193.174,1.1519387,54292,1
HASC->PITT,HASC,PITT,2026-05-13,1,0,0,0,0,1,3838,3191.07,1.1511797,54292,1
HASC->PITT,HASC,PITT,2026-05-14,1,0,0,0,0,1,3874,3192.217,1.1515934,54292,1
HASC->PITT,HASC,PITT,2026-05-15,1,0,0,0,0,1,3587,3104.849,1.1200753,54292,1
HASC->PITT,HASC,PITT,2026-05-16,1,0,0,0,0,1,3286,2644.746,0.9540931,54292,1
HASC->PITT,HASC,PITT,2026-05-17,1,0,0,0,0,1,3907,3043.39,1.0979041,54292,1
HASC->PITT,HASC,PITT,2026-05-18,1,0,0,0,0,1,3279,3036.522,1.0954264,54292,1
HASC->PITT,HASC,PITT,2026-05-19,1,0,0,0,0,1,62,56.073,0.020228354,54292,1
HASC->PITT,HASC,PITT,2026-05-20,0,0,0,0,0,2,0,0.0,0.0,0,0
HASC->PITT,HASC,PITT,2026-05-21,0,0,0,0,0,2,0,0.0,0.0,0,0
HASC->PITT,HASC,PITT,2026-05-22,0,0,0,0,0,2,0,0.0,0.0,0,0
HASC->PITT,HASC,PITT,2026-05-23,0,0,0,0,0,2,0,0.0,0.0,0,0
HASC->PITT,HASC,PITT,2026-05-24,0,0,0,0,0,2,0,0.0,0.0,0,0
HASC->PITT,HASC,PITT,2026-05-25,0,0,0,0,0,2,0,0.0,0.0,0,0
HASC->PITT,HASC,PITT,2026-05-26,0,0,0,0,0,2,0,0.0,0.0,0,0
HASC->PITT,HASC,PITT,2026-05-27,0,0,0,0,0,1,0,0.0,0.0,0,0
HASC->RICH,HASC,RICH,2026-04-27,0,0,0,0,0,1,0,0.0,0.0,0,0
HASC->RICH,HASC,RICH,2026-04-28,1,0,0,0,0,1,2123,1812.106,0.6537179,63444,1
HASC->RICH,HASC,RICH,2026-04-29,1,0,0,0,0,1,2734,2252.019,0.8124167,63444,1
HASC->RICH,HASC,RICH,2026-04-30,1,0,0,0,0,1,2430,2066.19,0.7453788,63444,1
HASC->RICH,HASC,RICH,2026-05-01,1,0,0,0,0,1,2207,1816.367,0.6552551,63444,1
HASC->RICH,HASC,RICH,2026-05-02,1,0,0,0,0,1,2644,2194.623,0.79171103,63444,1
HASC->RICH,HASC,RICH,2026-05-03,1,0,0,0,0,1,2667,2241.505,0.80862373,63444,1
HASC->RICH,HASC,RICH,2026-05-04,1,0,0,0,0,1,2580,2167.304,0.7818557,63444,1
HASC->RICH,HASC,RICH,2026-05-05,1,0,0,0,0,1,2548,2118.992,0.7644271,63444,1
HASC->RICH,HASC,RICH,2026-05-06,1,0,0,0,0,1,2699,2234.801,0.8062053,63444,1
HASC->RICH,HASC,RICH,2026-05-07,1,0,0,0,0,1,2486,2101.467,0.758105,63444,1
HASC->RICH,HASC,RICH,2026-05-08,1,0,0,0,0,1,2147,1832.178,0.6609589,63444,1
HASC->RICH,HASC,RICH,2026-05-09,1,0,0,0,0,1,2682,2220.431,0.8010213,63444,1
HASC->RICH,HASC,RICH,2026-05-10,1,0,0,0,0,1,2712,2284.805,0.8242442,63444,1
HASC->RICH,HASC,RICH,2026-05-11,1,0,0,0,0,1,2567,2137.576,0.77113134,63444,1
HASC->RICH,HASC,RICH,2026-05-12,1,0,0,0,0,1,2510,2072.652,0.74770993,63444,1
HASC->RICH,HASC,RICH,2026-05-13,1,0,0,0,0,1,2691,2196.8,0.7924964,63444,1
HASC->RICH,HASC,RICH,2026-05-14,1,0,0,0,0,1,2494,2158.258,0.77859235,63444,1
HASC->RICH,HASC,RICH,2026-05-15,1,0,0,0,0,1,2201,1858.744,0.6705426,63444,1
HASC->RICH,HASC,RICH,2026-05-16,1,0,0,0,0,1,2641,2167.177,0.78180987,63444,1
HASC->RICH,HASC,RICH,2026-05-17,1,0,0,0,0,1,2693,2268.455,0.81834596,63444,1
HASC->RICH,HASC,RICH,2026-05-18,1,0,0,0,0,1,427,330.824,0.119344875,63444,1
HASC->RICH,HASC,RICH,2026-05-19,1,0,0,0,0,1,14,16.09,0.0058044735,63444,1
HASC->RICH,HASC,RICH,2026-05-20,0,0,0,0,0,2,0,0.0,0.0,0,0
HASC->RICH,HASC,RICH,2026-05-21,0,0,0,0,0,2,0,0.0,0.0,0,0
HASC->RICH,HASC,RICH,2026-05-22,0,0,0,0,0,2,0,0.0,0.0,0,0
HASC->RICH,HASC,RICH,2026-05-23,0,0,0,0,0,2,0,0.0,0.0,0,0
HASC->RICH,HASC,RICH,2026-05-24,0,0,0,0,0,2,0,0.0,0.0,0,0
HASC->RICH,HASC,RICH,2026-05-25,0,0,0,0,0,2,0,0.0,0.0,0,0
HASC->RICH,HASC,RICH,2026-05-26,0,0,0,0,0,2,0,0.0,0.0,0,0
HASC->RICH,HASC,RICH,2026-05-27,0,0,0,0,0,1,0,0.0,0.0,0,0
NJSC->BKLY,NJSC,BKLY,2026-04-27,0,0,0,0,0,1,0,0.0,0.0,0,0
NJSC->BKLY,NJSC,BKLY,2026-04-28,1,0,0,0,0,2,4442,3176.961,1.1460898,21666,1
NJSC->BKLY,NJSC,BKLY,2026-04-29,1,0,0,1,0,1,7654,6533.845,1.1785434,43332,1
NJSC->BKLY,NJSC,BKLY,2026-04-30,1,0,0,1,0,1,7514,6526.305,1.1771834,43332,1
NJSC->BKLY,NJSC,BKLY,2026-05-01,1,0,0,1,0,1,6032,5136.486,0.9264946,43332,2
NJSC->BKLY,NJSC,BKLY,2026-05-02,1,0,0,1,0,1,7651,6295.385,1.1355312,43332,1
NJSC->BKLY,NJSC,BKLY,2026-05-03,1,0,0,1,0,1,7463,6164.835,1.1119832,43332,0
NJSC->BKLY,NJSC,BKLY,2026-05-04,1,0,0,1,0,1,7724,6468.692,1.1667914,43332,1
NJSC->BKLY,NJSC,BKLY,2026-05-05,1,0,0,1,0,1,7563,6354.044,1.1461118,43332,1
NJSC->BKLY,NJSC,BKLY,2026-05-06,1,0,0,1,0,1,7840,6541.478,1.1799203,43332,1
NJSC->BKLY,NJSC,BKLY,2026-05-07,1,0,0,1,0,1,7250,6095.814,1.0995336,43332,1
NJSC->BKLY,NJSC,BKLY,2026-05-08,1,0,0,1,0,1,6255,5499.911,0.9920474,43332,0
NJSC->BKLY,NJSC,BKLY,2026-05-09,1,0,0,1,0,1,7201,6003.0,1.0827922,43332,1
NJSC->BKLY,NJSC,BKLY,2026-05-10,1,0,0,1,0,1,7881,6343.126,1.1441425,43332,1
NJSC->BKLY,NJSC,BKLY,2026-05-11,1,0,0,1,0,1,7618,6396.738,1.1538128,43332,1
NJSC->BKLY,NJSC,BKLY,2026-05-12,1,0,0,1,0,1,7655,6413.284,1.1567973,43332,1
NJSC->BKLY,NJSC,BKLY,2026-05-13,1,0,0,1,0,1,7737,6416.593,1.1573942,43332,1
NJSC->BKLY,NJSC,BKLY,2026-05-14,1,0,0,1,0,1,6979,6080.614,1.0967919,43332,1
NJSC->BKLY,NJSC,BKLY,2026-05-15,1,0,0,1,0,1,6452,5328.657,0.96115744,43332,2
NJSC->BKLY,NJSC,BKLY,2026-05-16,1,0,0,1,0,1,7282,6143.717,1.1081741,43332,1
NJSC->BKLY,NJSC,BKLY,2026-05-17,1,0,0,1,0,1,8061,6336.588,1.1429632,43332,1
NJSC->BKLY,NJSC,BKLY,2026-05-18,1,0,0,0,0,2,2116,2033.657,0.7336425,21666,1
NJSC->BKLY,NJSC,BKLY,2026-05-19,1,0,0,0,0,2,755,723.494,0.26100072,21666,1
NJSC->BKLY,NJSC,BKLY,2026-05-20,1,0,0,0,0,2,19,11.198,0.0040396824,21666,1
NJSC->BKLY,NJSC,BKLY,2026-05-21,0,0,0,0,0,3,0,0.0,0.0,0,0
NJSC->BKLY,NJSC,BKLY,2026-05-22,0,0,0,0,0,3,0,0.0,0.0,0,0
NJSC->BKLY,NJSC,BKLY,2026-05-23,0,0,0,0,0,3,0,0.0,0.0,0,0
NJSC->BKLY,NJSC,BKLY,2026-05-24,0,0,0,0,0,3,0,0.0,0.0,0,0
NJSC->BKLY,NJSC,BKLY,2026-05-25,0,0,0,0,0,3,0,0.0,0.0,0,0
NJSC->BKLY,NJSC,BKLY,2026-05-26,0,0,0,0,0,3,0,0.0,0.0,0,0
NJSC->BKLY,NJSC,BKLY,2026-05-27,0,0,0,0,0,2,0,0.0,0.0,0,0
NJSC->BOSC,NJSC,BOSC,2026-04-27,0,0,0,0,0,1,0,0.0,0.0,0,0
NJSC->BOSC,NJSC,BOSC,2026-04-28,1,0,0,1,0,2,6255,5308.717,0.9575608,129308,1
NJSC->BOSC,NJSC,BOSC,2026-04-29,1,0,0,1,0,2,9044,6451.378,1.1636685,129308,2
NJSC->BOSC,NJSC,BOSC,2026-04-30,1,0,0,2,0,1,11181,10002.395,1.2027892,193962,0
NJSC->BOSC,NJSC,BOSC,2026-05-01,1,0,0,1,0,2,8216,6560.839,1.1834126,129308,2
NJSC->BOSC,NJSC,BOSC,2026-05-02,1,0,0,2,0,1,11561,9880.32,1.1881096,193962,1
NJSC->BOSC,NJSC,BOSC,2026-05-03,1,0,0,2,0,1,10619,8567.313,1.0302204,193962,1
NJSC->BOSC,NJSC,BOSC,2026-05-04,1,0,0,2,0,1,11310,9677.117,1.1636745,193962,1
NJSC->BOSC,NJSC,BOSC,2026-05-05,1,0,0,2,0,1,10963,9202.463,1.1065973,193962,1
NJSC->BOSC,NJSC,BOSC,2026-05-06,1,0,0,2,0,1,11001,9248.023,1.1120759,193962,1
NJSC->BOSC,NJSC,BOSC,2026-05-07,1,0,0,2,0,1,10583,8850.41,1.0642629,193962,1
NJSC->BOSC,NJSC,BOSC,2026-05-08,1,0,0,2,0,1,9214,8359.102,1.005183,193962,1
NJSC->BOSC,NJSC,BOSC,2026-05-09,1,0,0,2,0,1,10043,8429.849,1.0136904,193962,1
NJSC->BOSC,NJSC,BOSC,2026-05-10,1,0,0,2,0,1,11470,8946.169,1.0757779,193962,0
NJSC->BOSC,NJSC,BOSC,2026-05-11,1,0,0,2,0,1,11138,9341.04,1.1232612,193962,1
NJSC->BOSC,NJSC,BOSC,2026-05-12,1,0,0,2,0,1,11055,9258.444,1.113329,193962,1
NJSC->BOSC,NJSC,BOSC,2026-05-13,1,0,0,2,0,1,10846,9011.331,1.0836136,193962,2
NJSC->BOSC,NJSC,BOSC,2026-05-14,1,0,0,2,0,1,10054,9052.763,1.0885959,193962,1
NJSC->BOSC,NJSC,BOSC,2026-05-15,1,0,0,1,0,2,8810,6590.605,1.1887816,129308,1
NJSC->BOSC,NJSC,BOSC,2026-05-16,1,0,0,2,0,1,10731,9532.623,1.146299,193962,1
NJSC->BOSC,NJSC,BOSC,2026-05-17,1,0,0,2,0,1,12244,9304.534,1.1188713,193962,1
NJSC->BOSC,NJSC,BOSC,2026-05-18,1,0,0,1,0,2,3647,3662.067,0.660546,129308,1
NJSC->BOSC,NJSC,BOSC,2026-05-19,1,0,0,0,0,3,1999,1972.687,0.71164757,64654,1
NJSC->BOSC,NJSC,BOSC,2026-05-20,1,0,0,0,0,3,64,57.93,0.020898268,64654,1
NJSC->BOSC,NJSC,BOSC,2026-05-21,0,0,0,0,0,4,0,0.0,0.0,0,0
NJSC->BOSC,NJSC,BOSC,2026-05-22,0,0,0,0,0,4,0,0.0,0.0,0,0
NJSC->BOSC,NJSC,BOSC,2026-05-23,0,0,0,0,0,4,0,0.0,0.0,0,0
NJSC->BOSC,NJSC,BOSC,2026-05-24,0,0,0,0,0,4,0,0.0,0.0,0,0
NJSC->BOSC,NJSC,BOSC,2026-05-25,0,0,0,0,0,4,0,0.0,0.0,0,0
NJSC->BOSC,NJSC,BOSC,2026-05-26,0,0,0,0,0,4,0,0.0,0.0,0,0
NJSC->BOSC,NJSC,BOSC,2026-05-27,0,0,0,0,0,3,0,0.0,0.0,0,0
NJSC->BRWX,NJSC,BRWX,2026-04-27,0,0,0,0,0,1,0,0.0,0.0,0,0
NJSC->BRWX,NJSC,BRWX,2026-04-28,1,0,0,0,0,1,3409,2899.723,1.046076,25230,1
NJSC->BRWX,NJSC,BRWX,2026-04-29,1,0,0,0,0,1,4435,3068.844,1.1070865,25230,1
NJSC->BRWX,NJSC,BRWX,2026-04-30,1,0,0,1,0,0,5512,5120.75,0.9236562,50460,0
NJSC->BRWX,NJSC,BRWX,2026-05-01,1,0,0,0,0,1,3998,3199.372,1.1541746,25230,1
NJSC->BRWX,NJSC,BRWX,2026-05-02,1,0,0,1,0,0,5531,4732.183,0.8535684,50460,0
NJSC->BRWX,NJSC,BRWX,2026-05-03,1,0,0,0,0,1,4566,3228.24,1.1645887,25230,0
NJSC->BRWX,NJSC,BRWX,2026-05-04,1,0,0,1,0,0,5734,5316.383,0.95894355,50460,0
NJSC->BRWX,NJSC,BRWX,2026-05-05,1,0,0,0,0,1,4499,3244.926,1.1706083,25230,0
NJSC->BRWX,NJSC,BRWX,2026-05-06,1,0,0,1,0,0,5935,5557.409,1.0024186,50460,0
NJSC->BRWX,NJSC,BRWX,2026-05-07,1,0,0,0,0,1,4479,3223.992,1.1630563,25230,0
NJSC->BRWX,NJSC,BRWX,2026-05-08,1,0,0,1,0,0,4845,4738.367,0.8546838,50460,0
NJSC->BRWX,NJSC,BRWX,2026-05-09,1,0,0,0,0,1,4511,3224.115,1.1631006,25230,1
NJSC->BRWX,NJSC,BRWX,2026-05-10,1,0,0,1,0,0,5880,5274.636,0.9514134,50460,0
NJSC->BRWX,NJSC,BRWX,2026-05-11,1,0,0,0,0,1,4568,3290.662,1.1871076,25230,0
NJSC->BRWX,NJSC,BRWX,2026-05-12,1,0,0,1,0,0,5779,5379.932,0.97040623,50460,0
NJSC->BRWX,NJSC,BRWX,2026-05-13,1,0,0,0,0,1,4630,3274.942,1.1814365,25230,0
NJSC->BRWX,NJSC,BRWX,2026-05-14,1,0,0,1,0,0,5446,5267.613,0.9501466,50460,0
NJSC->BRWX,NJSC,BRWX,2026-05-15,1,0,0,0,0,1,4147,3207.05,1.1569444,25230,1
NJSC->BRWX,NJSC,BRWX,2026-05-16,1,0,0,1,0,0,5328,4687.88,0.8455772,50460,0
NJSC->BRWX,NJSC,BRWX,2026-05-17,1,0,0,0,0,1,4884,3257.809,1.1752558,25230,0
NJSC->BRWX,NJSC,BRWX,2026-05-18,1,0,0,0,0,1,2090,2500.051,0.9018943,25230,1
NJSC->BRWX,NJSC,BRWX,2026-05-19,1,0,0,0,0,1,534,522.365,0.18844336,25230,1
NJSC->BRWX,NJSC,BRWX,2026-05-20,1,0,0,0,0,1,15,14.439,0.0052088746,25230,1
NJSC->BRWX,NJSC,BRWX,2026-05-21,0,0,0,0,0,2,0,0.0,0.0,0,0
NJSC->BRWX,NJSC,BRWX,2026-05-22,0,0,0,0,0,2,0,0.0,0.0,0,0
NJSC->BRWX,NJSC,BRWX,2026-05-23,0,0,0,0,0,2,0,0.0,0.0,0,0
NJSC->BRWX,NJSC,BRWX,2026-05-24,0,0,0,0,0,2,0,0.0,0.0,0,0
NJSC->BRWX,NJSC,BRWX,2026-05-25,0,0,0,0,0,2,0,0.0,0.0,0,0
NJSC->BRWX,NJSC,BRWX,2026-05-26,0,0,0,0,0,2,0,0.0,0.0,0,0
NJSC->BRWX,NJSC,BRWX,2026-05-27,0,0,0,0,0,1,0,0.0,0.0,0,0
NJSC->CNJY,NJSC,CNJY,2026-04-27,0,0,0,0,0,1,0,0.0,0.0,0,0
NJSC->CNJY,NJSC,CNJY,2026-04-28,1,0,0,0,0,1,1892,1582.148,0.5707605,19004,1
NJSC->CNJY,NJSC,CNJY,2026-04-29,1,0,0,0,0,1,2561,2090.351,0.7540949,19004,1
NJSC->CNJY,NJSC,CNJY,2026-04-30,1,0,0,0,0,1,2590,2188.799,0.78961,19004,1
NJSC->CNJY,NJSC,CNJY,2026-05-01,1,0,0,0,0,1,2229,1881.199,0.6786432,19004,1
NJSC->CNJY,NJSC,CNJY,2026-05-02,1,0,0,0,0,1,2759,2254.647,0.81336474,19004,1
NJSC->CNJY,NJSC,CNJY,2026-05-03,1,0,0,0,0,1,2724,2239.902,0.80804545,19004,1
NJSC->CNJY,NJSC,CNJY,2026-05-04,1,0,0,0,0,1,2797,2375.572,0.85698843,19004,1
NJSC->CNJY,NJSC,CNJY,2026-05-05,1,0,0,0,0,1,2686,2229.683,0.80435896,19004,1
NJSC->CNJY,NJSC,CNJY,2026-05-06,1,0,0,0,0,1,2776,2320.548,0.83713853,19004,1
NJSC->CNJY,NJSC,CNJY,2026-05-07,1,0,0,0,0,1,2587,2152.461,0.77650106,19004,1
NJSC->CNJY,NJSC,CNJY,2026-05-08,1,0,0,0,0,1,2312,2049.626,0.7394033,19004,1
NJSC->CNJY,NJSC,CNJY,2026-05-09,1,0,0,0,0,1,2641,2190.612,0.79026407,19004,1
NJSC->CNJY,NJSC,CNJY,2026-05-10,1,0,0,0,0,1,2840,2284.989,0.8243106,19004,1
NJSC->CNJY,NJSC,CNJY,2026-05-11,1,0,0,0,0,1,2785,2346.092,0.84635353,19004,1
NJSC->CNJY,NJSC,CNJY,2026-05-12,1,0,0,0,0,1,2729,2289.716,0.8260159,19004,1
NJSC->CNJY,NJSC,CNJY,2026-05-13,1,0,0,0,0,1,2765,2289.318,0.8258723,19004,1
NJSC->CNJY,NJSC,CNJY,2026-05-14,1,0,0,0,0,1,2491,2199.086,0.7933211,19004,1
NJSC->CNJY,NJSC,CNJY,2026-05-15,1,0,0,0,0,1,2362,1940.901,0.7001807,19004,1
NJSC->CNJY,NJSC,CNJY,2026-05-16,1,0,0,0,0,1,2606,2166.691,0.78163457,19004,1
NJSC->CNJY,NJSC,CNJY,2026-05-17,1,0,0,0,0,1,2991,2347.397,0.8468243,19004,1
NJSC->CNJY,NJSC,CNJY,2026-05-18,1,0,0,0,0,1,693,688.424,0.2483492,19004,1
NJSC->CNJY,NJSC,CNJY,2026-05-19,1,0,0,0,0,1,304,300.015,0.10823052,19004,1
NJSC->CNJY,NJSC,CNJY,2026-05-20,1,0,0,0,0,1,9,7.274,0.0026240982,19004,1
NJSC->CNJY,NJSC,CNJY,2026-05-21,0,0,0,0,0,2,0,0.0,0.0,0,0
NJSC->CNJY,NJSC,CNJY,2026-05-22,0,0,0,0,0,2,0,0.0,0.0,0,0
NJSC->CNJY,NJSC,CNJY,2026-05-23,0,0,0,0,0,2,0,0.0,0.0,0,0
NJSC->CNJY,NJSC,CNJY,2026-05-24,0,0,0,0,0,2,0,0.0,0.0,0,0
NJSC->CNJY,NJSC,CNJY,2026-05-25,0,0,0,0,0,2,0,0.0,0.0,0,0
NJSC->CNJY,NJSC,CNJY,2026-05-26,0,0,0,0,0,2,0,0.0,0.0,0,0
NJSC->CNJY,NJSC,CNJY,2026-05-27,0,0,0,0,0,1,0,0.0,0.0,0,0
NJSC->HASC,NJSC,HASC,2026-04-27,0,0,0,0,0,1,0,0.0,0.0,0,0
NJSC->HASC,NJSC,HASC,2026-04-28,1,0,0,1,0,1,7871,6544.648,1.180492,108452,1
NJSC->HASC,NJSC,HASC,2026-04-29,1,0,0,2,0,0,8817,7410.376,0.8910986,162678,1
NJSC->HASC,NJSC,HASC,2026-04-30,1,0,0,1,0,1,7801,6498.03,1.1720834,108452,1
NJSC->HASC,NJSC,HASC,2026-05-01,1,0,0,1,0,1,6955,5833.837,1.0522794,108452,1
NJSC->HASC,NJSC,HASC,2026-05-02,1,0,0,2,0,0,8962,7504.125,0.90237194,162678,1
NJSC->HASC,NJSC,HASC,2026-05-03,1,0,0,2,0,0,8890,7431.071,0.8935872,162678,1
NJSC->HASC,NJSC,HASC,2026-05-04,1,0,0,1,0,1,8183,6559.804,1.1832259,108452,1
NJSC->HASC,NJSC,HASC,2026-05-05,1,0,0,1,0,1,8122,6557.796,1.1828636,108452,0
NJSC->HASC,NJSC,HASC,2026-05-06,1,0,0,2,0,0,9308,8280.946,0.99578476,162678,0
NJSC->HASC,NJSC,HASC,2026-05-07,1,0,0,1,0,1,7791,6495.777,1.171677,108452,1
NJSC->HASC,NJSC,HASC,2026-05-08,1,0,0,1,0,1,6991,5873.256,1.0593896,108452,1
NJSC->HASC,NJSC,HASC,2026-05-09,1,0,0,2,0,0,8951,7459.226,0.89697284,162678,1
NJSC->HASC,NJSC,HASC,2026-05-10,1,0,0,2,0,0,8872,7438.67,0.894501,162678,1
NJSC->HASC,NJSC,HASC,2026-05-11,1,0,0,1,0,1,8172,6562.66,1.183741,108452,1
NJSC->HASC,NJSC,HASC,2026-05-12,1,0,0,1,0,1,8126,6556.377,1.1826077,108452,0
NJSC->HASC,NJSC,HASC,2026-05-13,1,0,0,2,0,0,9322,8290.116,0.99688745,162678,0
NJSC->HASC,NJSC,HASC,2026-05-14,1,0,0,1,0,1,7769,6496.437,1.171796,108452,1
NJSC->HASC,NJSC,HASC,2026-05-15,1,0,0,1,0,1,6992,5845.933,1.0544612,108452,1
NJSC->HASC,NJSC,HASC,2026-05-16,1,0,0,2,0,0,8961,7497.27,0.9015476,162678,1
NJSC->HASC,NJSC,HASC,2026-05-17,1,0,0,2,0,0,8862,7410.871,0.8911581,162678,1
NJSC->HASC,NJSC,HASC,2026-05-18,1,0,0,0,0,2,464,383.245,0.13825577,54226,1
NJSC->HASC,NJSC,HASC,2026-05-19,1,0,0,0,0,2,4,3.626,0.0013080809,54226,1
NJSC->HASC,NJSC,HASC,2026-05-20,0,0,0,0,0,3,0,0.0,0.0,0,0
NJSC->HASC,NJSC,HASC,2026-05-21,0,0,0,0,0,3,0,0.0,0.0,0,0
NJSC->HASC,NJSC,HASC,2026-05-22,0,0,0,0,0,3,0,0.0,0.0,0,0
NJSC->HASC,NJSC,HASC,2026-05-23,0,0,0,0,0,3,0,0.0,0.0,0,0
NJSC->HASC,NJSC,HASC,2026-05-24,0,0,0,0,0,3,0,0.0,0.0,0,0
NJSC->HASC,NJSC,HASC,2026-05-25,0,0,0,0,0,3,0,0.0,0.0,0,0
NJSC->HASC,NJSC,HASC,2026-05-26,0,0,0,0,0,3,0,0.0,0.0,0,0
NJSC->HASC,NJSC,HASC,2026-05-27,0,0,0,0,0,2,0,0.0,0.0,0,0
NJSC->LEHI,NJSC,LEHI,2026-04-27,0,0,0,0,0,1,0,0.0,0.0,0,0
NJSC->LEHI,NJSC,LEHI,2026-04-28,1,0,0,0,0,1,2187,1851.345,0.6678734,30246,1
NJSC->LEHI,NJSC,LEHI,2026-04-29,1,0,0,0,0,1,3044,2479.104,0.89433765,30246,1
NJSC->LEHI,NJSC,LEHI,2026-04-30,1,0,0,0,0,1,3108,2581.128,0.93114287,30246,1
NJSC->LEHI,NJSC,LEHI,2026-05-01,1,0,0,0,0,1,2694,2284.991,0.8243113,30246,1
NJSC->LEHI,NJSC,LEHI,2026-05-02,1,0,0,0,0,1,3318,2749.55,0.99190116,30246,1
NJSC->LEHI,NJSC,LEHI,2026-05-03,1,0,0,0,0,1,3293,2679.686,0.9666977,30246,1
NJSC->LEHI,NJSC,LEHI,2026-05-04,1,0,0,0,0,1,3385,2842.858,1.025562,30246,1
NJSC->LEHI,NJSC,LEHI,2026-05-05,1,0,0,0,0,1,3270,2767.587,0.998408,30246,1
NJSC->LEHI,NJSC,LEHI,2026-05-06,1,0,0,0,0,1,3264,2723.15,0.98237735,30246,1
NJSC->LEHI,NJSC,LEHI,2026-05-07,1,0,0,0,0,1,3135,2606.618,0.9403384,30246,1
NJSC->LEHI,NJSC,LEHI,2026-05-08,1,0,0,0,0,1,2778,2474.899,0.8928207,30246,1
NJSC->LEHI,NJSC,LEHI,2026-05-09,1,0,0,0,0,1,3132,2603.735,0.93929833,30246,1
NJSC->LEHI,NJSC,LEHI,2026-05-10,1,0,0,0,0,1,3510,2793.155,1.0076317,30246,1
NJSC->LEHI,NJSC,LEHI,2026-05-11,1,0,0,0,0,1,3315,2815.419,1.0156634,30246,1
NJSC->LEHI,NJSC,LEHI,2026-05-12,1,0,0,0,0,1,3300,2780.902,1.0032114,30246,1
NJSC->LEHI,NJSC,LEHI,2026-05-13,1,0,0,0,0,1,3261,2676.861,0.9656786,30246,1
NJSC->LEHI,NJSC,LEHI,2026-05-14,1,0,0,0,0,1,3034,2675.069,0.9650321,30246,1
NJSC->LEHI,NJSC,LEHI,2026-05-15,1,0,0,0,0,1,2788,2292.738,0.82710606,30246,1
NJSC->LEHI,NJSC,LEHI,2026-05-16,1,0,0,0,0,1,3162,2625.669,0.947211,30246,1
NJSC->LEHI,NJSC,LEHI,2026-05-17,1,0,0,0,0,1,3617,2867.235,1.0343561,30246,1
NJSC->LEHI,NJSC,LEHI,2026-05-18,1,0,0,0,0,1,882,847.14,0.30560607,30246,1
NJSC->LEHI,NJSC,LEHI,2026-05-19,1,0,0,0,0,1,396,377.719,0.13626227,30246,1
NJSC->LEHI,NJSC,LEHI,2026-05-20,1,0,0,0,0,1,9,10.727,0.0038697692,30246,1
NJSC->LEHI,NJSC,LEHI,2026-05-21,0,0,0,0,0,2,0,0.0,0.0,0,0
NJSC->LEHI,NJSC,LEHI,2026-05-22,0,0,0,0,0,2,0,0.0,0.0,0,0
NJSC->LEHI,NJSC,LEHI,2026-05-23,0,0,0,0,0,2,0,0.0,0.0,0,0
NJSC->LEHI,NJSC,LEHI,2026-05-24,0,0,0,0,0,2,0,0.0,0.0,0,0
NJSC->LEHI,NJSC,LEHI,2026-05-25,0,0,0,0,0,2,0,0.0,0.0,0,0
NJSC->LEHI,NJSC,LEHI,2026-05-26,0,0,0,0,0,2,0,0.0,0.0,0,0
NJSC->LEHI,NJSC,LEHI,2026-05-27,0,0,0,0,0,1,0,0.0,0.0,0,0
NJSC->LNIS,NJSC,LNIS,2026-04-27,0,0,0,0,0,1,0,0.0,0.0,0,0
NJSC->LNIS,NJSC,LNIS,2026-04-28,1,0,0,0,0,1,2780,2348.559,0.8472435,29498,1
NJSC->LNIS,NJSC,LNIS,2026-04-29,1,0,0,0,0,1,3822,3039.338,1.0964422,29498,1
NJSC->LNIS,NJSC,LNIS,2026-04-30,1,0,0,0,0,1,3864,3193.116,1.1519177,29498,1
NJSC->LNIS,NJSC,LNIS,2026-05-01,1,0,0,0,0,1,3411,2976.956,1.0739379,29498,1
NJSC->LNIS,NJSC,LNIS,2026-05-02,1,0,0,0,0,1,3920,3043.965,1.0981115,29498,1
NJSC->LNIS,NJSC,LNIS,2026-05-03,1,0,0,0,0,1,4021,3200.006,1.1544033,29498,1
NJSC->LNIS,NJSC,LNIS,2026-05-04,1,0,0,0,0,1,3973,3198.708,1.1539351,29498,0
NJSC->LNIS,NJSC,LNIS,2026-05-05,1,0,0,0,0,1,4060,3414.848,1.2319076,29498,0
NJSC->LNIS,NJSC,LNIS,2026-05-06,1,0,0,0,0,1,4149,3452.46,1.2454762,29498,0
NJSC->LNIS,NJSC,LNIS,2026-05-07,1,0,0,0,0,1,3929,3307.599,1.1932175,29498,0
NJSC->LNIS,NJSC,LNIS,2026-05-08,1,0,0,0,0,1,3532,3175.829,1.1456815,29498,1
NJSC->LNIS,NJSC,LNIS,2026-05-09,1,0,0,0,0,1,3847,3102.603,1.1192652,29498,0
NJSC->LNIS,NJSC,LNIS,2026-05-10,1,0,0,1,0,0,4784,4334.922,0.7819123,58996,0
NJSC->LNIS,NJSC,LNIS,2026-05-11,1,0,0,0,0,1,3957,3197.775,1.1535984,29498,1
NJSC->LNIS,NJSC,LNIS,2026-05-12,1,0,0,0,0,1,3937,3195.476,1.1527691,29498,1
NJSC->LNIS,NJSC,LNIS,2026-05-13,1,0,0,0,0,1,4032,3200.192,1.1544704,29498,1
NJSC->LNIS,NJSC,LNIS,2026-05-14,1,0,0,0,0,1,3724,3186.163,1.1494094,29498,0
NJSC->LNIS,NJSC,LNIS,2026-05-15,1,0,0,0,0,1,3655,3182.158,1.1479646,29498,1
NJSC->LNIS,NJSC,LNIS,2026-05-16,1,0,0,0,0,1,3804,3038.79,1.0962446,29498,1
NJSC->LNIS,NJSC,LNIS,2026-05-17,1,0,0,1,0,0,4897,4332.152,0.7814127,58996,0
NJSC->LNIS,NJSC,LNIS,2026-05-18,1,0,0,0,0,1,1154,1075.091,0.38783947,29498,1
NJSC->LNIS,NJSC,LNIS,2026-05-19,1,0,0,0,0,1,410,396.434,0.14301372,29498,1
NJSC->LNIS,NJSC,LNIS,2026-05-20,1,0,0,0,0,1,12,10.852,0.003914863,29498,1
NJSC->LNIS,NJSC,LNIS,2026-05-21,0,0,0,0,0,2,0,0.0,0.0,0,0
NJSC->LNIS,NJSC,LNIS,2026-05-22,0,0,0,0,0,2,0,0.0,0.0,0,0
NJSC->LNIS,NJSC,LNIS,2026-05-23,0,0,0,0,0,2,0,0.0,0.0,0,0
NJSC->LNIS,NJSC,LNIS,2026-05-24,0,0,0,0,0,2,0,0.0,0.0,0,0
NJSC->LNIS,NJSC,LNIS,2026-05-25,0,0,0,0,0,2,0,0.0,0.0,0,0
NJSC->LNIS,NJSC,LNIS,2026-05-26,0,0,0,0,0,2,0,0.0,0.0,0,0
NJSC->LNIS,NJSC,LNIS,2026-05-27,0,0,0,0,0,1,0,0.0,0.0,0,0
NJSC->NRJY,NJSC,NRJY,2026-04-27,0,0,0,0,0,1,0,0.0,0.0,0,0
NJSC->NRJY,NJSC,NRJY,2026-04-28,1,0,0,0,0,1,3716,3032.994,1.0941536,21842,1
NJSC->NRJY,NJSC,NRJY,2026-04-29,1,0,0,1,0,0,5610,4648.251,0.8384291,43684,0
NJSC->NRJY,NJSC,NRJY,2026-04-30,1,0,0,0,0,1,4744,3353.193,1.2096655,21842,0
NJSC->NRJY,NJSC,NRJY,2026-05-01,1,0,0,1,0,0,5297,5138.545,0.926866,43684,0
NJSC->NRJY,NJSC,NRJY,2026-05-02,1,0,0,1,0,0,5708,4657.452,0.8400887,43684,0
NJSC->NRJY,NJSC,NRJY,2026-05-03,1,0,0,1,0,0,5657,4664.784,0.84141123,43684,0
NJSC->NRJY,NJSC,NRJY,2026-05-04,1,0,0,1,0,0,5794,4871.184,0.8786407,43684,0
NJSC->NRJY,NJSC,NRJY,2026-05-05,1,0,0,1,0,0,5647,4752.001,0.85714304,43684,0
NJSC->NRJY,NJSC,NRJY,2026-05-06,1,0,0,1,0,0,5890,4962.251,0.8950669,43684,0
NJSC->NRJY,NJSC,NRJY,2026-05-07,1,0,0,0,0,1,4741,3329.096,1.2009726,21842,0
NJSC->NRJY,NJSC,NRJY,2026-05-08,1,0,0,1,0,0,5467,5352.071,0.9653808,43684,0
NJSC->NRJY,NJSC,NRJY,2026-05-09,1,0,0,0,0,1,4733,3345.516,1.2068961,21842,0
NJSC->NRJY,NJSC,NRJY,2026-05-10,1,0,0,1,0,0,6625,5986.515,1.0798187,43684,0
NJSC->NRJY,NJSC,NRJY,2026-05-11,1,0,0,1,0,0,5715,4798.792,0.86558294,43684,0
NJSC->NRJY,NJSC,NRJY,2026-05-12,1,0,0,1,0,0,5680,4740.201,0.8550146,43684,0
NJSC->NRJY,NJSC,NRJY,2026-05-13,1,0,0,1,0,0,5794,4861.705,0.8769309,43684,0
NJSC->NRJY,NJSC,NRJY,2026-05-14,1,0,0,0,0,1,4591,3378.044,1.2186306,21842,0
NJSC->NRJY,NJSC,NRJY,2026-05-15,1,0,0,1,0,0,5557,5207.881,0.9393725,43684,0
NJSC->NRJY,NJSC,NRJY,2026-05-16,1,0,0,0,0,1,4769,3337.126,1.2038695,21842,0
NJSC->NRJY,NJSC,NRJY,2026-05-17,1,0,0,1,0,0,6787,6047.471,1.0908136,43684,0
NJSC->NRJY,NJSC,NRJY,2026-05-18,1,0,0,0,0,1,1612,1519.418,0.5481306,21842,1
NJSC->NRJY,NJSC,NRJY,2026-05-19,1,0,0,0,0,1,573,558.741,0.20156601,21842,1
NJSC->NRJY,NJSC,NRJY,2026-05-20,1,0,0,0,0,1,14,14.38,0.00518759,21842,1
NJSC->NRJY,NJSC,NRJY,2026-05-21,0,0,0,0,0,2,0,0.0,0.0,0,0
NJSC->NRJY,NJSC,NRJY,2026-05-22,0,0,0,0,0,2,0,0.0,0.0,0,0
NJSC->NRJY,NJSC,NRJY,2026-05-23,0,0,0,0,0,2,0,0.0,0.0,0,0
NJSC->NRJY,NJSC,NRJY,2026-05-24,0,0,0,0,0,2,0,0.0,0.0,0,0
NJSC->NRJY,NJSC,NRJY,2026-05-25,0,0,0,0,0,2,0,0.0,0.0,0,0
NJSC->NRJY,NJSC,NRJY,2026-05-26,0,0,0,0,0,2,0,0.0,0.0,0,0
NJSC->NRJY,NJSC,NRJY,2026-05-27,0,0,0,0,0,1,0,0.0,0.0,0,0
NJSC->PHLA,NJSC,PHLA,2026-04-27,0,0,0,0,0,1,0,0.0,0.0,0,0
NJSC->PHLA,NJSC,PHLA,2026-04-28,1,0,0,0,0,2,3964,3045.394,1.098627,29828,1
NJSC->PHLA,NJSC,PHLA,2026-04-29,1,0,0,1,0,1,8027,6655.891,1.2005576,59656,0
NJSC->PHLA,NJSC,PHLA,2026-04-30,1,0,0,1,0,1,8434,6572.418,1.1855011,59656,1
NJSC->PHLA,NJSC,PHLA,2026-05-01,1,0,0,1,0,1,7940,6572.257,1.185472,59656,0
NJSC->PHLA,NJSC,PHLA,2026-05-02,1,0,0,1,0,1,7921,6545.9,1.180718,59656,1
NJSC->PHLA,NJSC,PHLA,2026-05-03,1,0,0,1,0,1,8397,6627.0,1.1953464,59656,1
NJSC->PHLA,NJSC,PHLA,2026-05-04,1,0,0,1,0,1,8716,6953.315,1.2542055,59656,0
NJSC->PHLA,NJSC,PHLA,2026-05-05,1,0,0,2,0,0,10365,9970.423,1.1989446,89484,0
NJSC->PHLA,NJSC,PHLA,2026-05-06,1,0,0,1,0,1,8487,6575.686,1.1860906,59656,1
NJSC->PHLA,NJSC,PHLA,2026-05-07,1,0,0,1,0,1,8760,6890.586,1.2428907,59656,1
NJSC->PHLA,NJSC,PHLA,2026-05-08,1,0,0,2,0,0,9206,9026.654,1.0854563,89484,1
NJSC->PHLA,NJSC,PHLA,2026-05-09,1,0,0,1,0,1,7893,6544.504,1.180466,59656,0
NJSC->PHLA,NJSC,PHLA,2026-05-10,1,0,0,1,0,1,8487,6575.152,1.1859943,59656,1
NJSC->PHLA,NJSC,PHLA,2026-05-11,1,0,0,1,0,1,8427,6572.5,1.1855159,59656,1
NJSC->PHLA,NJSC,PHLA,2026-05-12,1,0,0,1,0,1,8389,6639.504,1.1976017,59656,0
NJSC->PHLA,NJSC,PHLA,2026-05-13,1,0,0,2,0,0,10457,9973.522,1.1993172,89484,0
NJSC->PHLA,NJSC,PHLA,2026-05-14,1,0,0,1,0,1,8398,6570.2,1.185101,59656,1
NJSC->PHLA,NJSC,PHLA,2026-05-15,1,0,0,1,0,1,7981,6548.714,1.1812254,59656,1
NJSC->PHLA,NJSC,PHLA,2026-05-16,1,0,0,1,0,1,7883,6544.049,1.180384,59656,1
NJSC->PHLA,NJSC,PHLA,2026-05-17,1,0,0,2,0,0,9619,8520.514,1.0245929,89484,1
NJSC->PHLA,NJSC,PHLA,2026-05-18,1,0,0,1,0,1,4311,4076.429,0.7352866,59656,2
NJSC->PHLA,NJSC,PHLA,2026-05-19,1,0,0,0,0,2,1664,1253.544,0.45221645,29828,1
NJSC->PHLA,NJSC,PHLA,2026-05-20,1,0,0,0,0,2,164,129.836,0.046838384,29828,1
NJSC->PHLA,NJSC,PHLA,2026-05-21,1,0,0,0,0,2,1,1.764,0.00063636363,29828,1
NJSC->PHLA,NJSC,PHLA,2026-05-22,0,0,0,0,0,3,0,0.0,0.0,0,0
NJSC->PHLA,NJSC,PHLA,2026-05-23,0,0,0,0,0,3,0,0.0,0.0,0,0
NJSC->PHLA,NJSC,PHLA,2026-05-24,0,0,0,0,0,3,0,0.0,0.0,0,0
NJSC->PHLA,NJSC,PHLA,2026-05-25,0,0,0,0,0,3,0,0.0,0.0,0,0
NJSC->PHLA,NJSC,PHLA,2026-05-26,0,0,0,0,0,3,0,0.0,0.0,0,0
NJSC->PHLA,NJSC,PHLA,2026-05-27,0,0,0,0,0,2,0,0.0,0.0,0,0
NJSC->QUEE,NJSC,QUEE,2026-04-27,0,0,0,0,0,1,0,0.0,0.0,0,0
NJSC->QUEE,NJSC,QUEE,2026-04-28,1,0,0,0,0,2,4126,3053.536,1.1015642,23800,1
NJSC->QUEE,NJSC,QUEE,2026-04-29,1,0,0,1,0,1,6709,5924.148,1.0685693,47600,1
NJSC->QUEE,NJSC,QUEE,2026-04-30,1,0,0,1,0,1,6259,5211.831,0.94008493,47600,0
NJSC->QUEE,NJSC,QUEE,2026-05-01,1,0,0,0,0,2,4558,3227.872,1.164456,23800,1
NJSC->QUEE,NJSC,QUEE,2026-05-02,1,0,0,1,0,1,7265,6512.228,1.1746444,47600,1
NJSC->QUEE,NJSC,QUEE,2026-05-03,1,0,0,1,0,1,6717,5549.952,1.0010736,47600,0
NJSC->QUEE,NJSC,QUEE,2026-05-04,1,0,0,1,0,1,6671,5722.142,1.0321324,47600,1
NJSC->QUEE,NJSC,QUEE,2026-05-05,1,0,0,1,0,1,6437,5344.499,0.96401495,47600,1
NJSC->QUEE,NJSC,QUEE,2026-05-06,1,0,0,1,0,1,6636,5580.248,1.0065383,47600,1
NJSC->QUEE,NJSC,QUEE,2026-05-07,1,0,0,1,0,1,6198,5148.715,0.9287004,47600,0
NJSC->QUEE,NJSC,QUEE,2026-05-08,1,0,0,1,0,1,5485,4854.983,0.8757184,47600,2
NJSC->QUEE,NJSC,QUEE,2026-05-09,1,0,0,1,0,1,6357,5313.66,0.9584524,47600,1
NJSC->QUEE,NJSC,QUEE,2026-05-10,1,0,0,1,0,1,6926,5524.516,0.9964856,47600,0
NJSC->QUEE,NJSC,QUEE,2026-05-11,1,0,0,1,0,1,6615,5628.818,1.0152991,47600,1
NJSC->QUEE,NJSC,QUEE,2026-05-12,1,0,0,1,0,1,6447,5384.155,0.9711679,47600,1
NJSC->QUEE,NJSC,QUEE,2026-05-13,1,0,0,1,0,1,6654,5526.513,0.9968458,47600,1
NJSC->QUEE,NJSC,QUEE,2026-05-14,1,0,0,1,0,1,5969,5197.044,0.93741775,47600,0
NJSC->QUEE,NJSC,QUEE,2026-05-15,1,0,0,0,0,2,4913,3379.184,1.2190418,23800,1
NJSC->QUEE,NJSC,QUEE,2026-05-16,1,0,0,1,0,1,7040,6501.02,1.1726227,47600,1
NJSC->QUEE,NJSC,QUEE,2026-05-17,1,0,0,1,0,1,7204,5735.036,1.0344582,47600,1
NJSC->QUEE,NJSC,QUEE,2026-05-18,1,0,0,0,0,2,1519,1474.555,0.53194624,23800,1
NJSC->QUEE,NJSC,QUEE,2026-05-19,1,0,0,0,0,2,710,710.308,0.25624385,23800,1
NJSC->QUEE,NJSC,QUEE,2026-05-20,1,0,0,0,0,2,21,19.84,0.007157287,23800,1
NJSC->QUEE,NJSC,QUEE,2026-05-21,0,0,0,0,0,3,0,0.0,0.0,0,0
NJSC->QUEE,NJSC,QUEE,2026-05-22,0,0,0,0,0,3,0,0.0,0.0,0,0
NJSC->QUEE,NJSC,QUEE,2026-05-23,0,0,0,0,0,3,0,0.0,0.0,0,0
NJSC->QUEE,NJSC,QUEE,2026-05-24,0,0,0,0,0,3,0,0.0,0.0,0,0
NJSC->QUEE,NJSC,QUEE,2026-05-25,0,0,0,0,0,3,0,0.0,0.0,0,0
NJSC->QUEE,NJSC,QUEE,2026-05-26,0,0,0,0,0,3,0,0.0,0.0,0,0
NJSC->QUEE,NJSC,QUEE,2026-05-27,0,0,0,0,0,2,0,0.0,0.0,0,0
NJSC->SYRA,NJSC,SYRA,2026-04-27,0,0,0,0,0,1,0,0.0,0.0,0,0
NJSC->SYRA,NJSC,SYRA,2026-04-28,1,0,0,0,0,1,657,574.639,0.20730123,66942,1
NJSC->SYRA,NJSC,SYRA,2026-04-29,1,0,0,0,0,1,1249,935.839,0.33760425,66942,1
NJSC->SYRA,NJSC,SYRA,2026-04-30,1,0,0,0,0,1,1136,951.771,0.34335172,66942,1
NJSC->SYRA,NJSC,SYRA,2026-05-01,1,0,0,0,0,1,1056,919.766,0.3318059,66942,1
NJSC->SYRA,NJSC,SYRA,2026-05-02,1,0,0,0,0,1,1284,1066.628,0.38478643,66942,1
NJSC->SYRA,NJSC,SYRA,2026-05-03,1,0,0,0,0,1,1114,873.159,0.31499243,66942,1
NJSC->SYRA,NJSC,SYRA,2026-05-04,1,0,0,0,0,1,1387,1136.585,0.41002345,66942,1
NJSC->SYRA,NJSC,SYRA,2026-05-05,1,0,0,0,0,1,1243,1044.723,0.3768842,66942,1
NJSC->SYRA,NJSC,SYRA,2026-05-06,1,0,0,0,0,1,1241,1046.366,0.3774769,66942,1
NJSC->SYRA,NJSC,SYRA,2026-05-07,1,0,0,0,0,1,1179,1035.945,0.37371755,66942,1
NJSC->SYRA,NJSC,SYRA,2026-05-08,1,0,0,0,0,1,1084,1015.22,0.36624098,66942,1
NJSC->SYRA,NJSC,SYRA,2026-05-09,1,0,0,0,0,1,1148,962.382,0.34717965,66942,1
NJSC->SYRA,NJSC,SYRA,2026-05-10,1,0,0,0,0,1,1303,1029.252,0.37130302,66942,1
NJSC->SYRA,NJSC,SYRA,2026-05-11,1,0,0,0,0,1,1319,1042.839,0.37620455,66942,1
NJSC->SYRA,NJSC,SYRA,2026-05-12,1,0,0,0,0,1,1239,1059.865,0.3823467,66942,1
NJSC->SYRA,NJSC,SYRA,2026-05-13,1,0,0,0,0,1,1220,977.072,0.35247907,66942,1
NJSC->SYRA,NJSC,SYRA,2026-05-14,1,0,0,0,0,1,1138,1090.432,0.39337373,66942,1
NJSC->SYRA,NJSC,SYRA,2026-05-15,1,0,0,0,0,1,1102,867.252,0.31286147,66942,1
NJSC->SYRA,NJSC,SYRA,2026-05-16,1,0,0,0,0,1,1106,949.961,0.34269878,66942,1
NJSC->SYRA,NJSC,SYRA,2026-05-17,1,0,0,0,0,1,1366,964.382,0.34790117,66942,1
NJSC->SYRA,NJSC,SYRA,2026-05-18,1,0,0,0,0,1,527,573.923,0.20704293,66942,1
NJSC->SYRA,NJSC,SYRA,2026-05-19,1,0,0,0,0,1,108,116.485,0.042022005,66942,1
NJSC->SYRA,NJSC,SYRA,2026-05-20,1,0,0,0,0,1,4,5.327,0.0019217172,66942,1
NJSC->SYRA,NJSC,SYRA,2026-05-21,0,0,0,0,0,2,0,0.0,0.0,0,0
NJSC->SYRA,NJSC,SYRA,2026-05-22,0,0,0,0,0,2,0,0.0,0.0,0,0
NJSC->SYRA,NJSC,SYRA,2026-05-23,0,0,0,0,0,2,0,0.0,0.0,0,0
NJSC->SYRA,NJSC,SYRA,2026-05-24,0,0,0,0,0,2,0,0.0,0.0,0,0
NJSC->SYRA,NJSC,SYRA,2026-05-25,0,0,0,0,0,2,0,0.0,0.0,0,0
NJSC->SYRA,NJSC,SYRA,2026-05-26,0,0,0,0,0,2,0,0.0,0.0,0,0
NJSC->SYRA,NJSC,SYRA,2026-05-27,0,0,0,0,0,1,0,0.0,0.0,0,0
QUEE->NJSC,QUEE,NJSC,2026-04-27,0,0,0,0,0,1,0,0.0,0.0,0,0
QUEE->NJSC,QUEE,NJSC,2026-04-28,1,0,0,0,0,1,1780,1491.069,0.53790367,23800,1
QUEE->NJSC,QUEE,NJSC,2026-04-29,1,0,0,0,0,1,1967,1646.34,0.5939177,23800,1
QUEE->NJSC,QUEE,NJSC,2026-04-30,1,0,0,0,0,1,1642,1371.68,0.49483407,23800,1
QUEE->NJSC,QUEE,NJSC,2026-05-01,1,0,0,0,0,1,1486,1236.705,0.44614178,23800,1
QUEE->NJSC,QUEE,NJSC,2026-05-02,1,0,0,0,0,1,1960,1645.762,0.59370923,23800,1
QUEE->NJSC,QUEE,NJSC,2026-05-03,1,0,0,0,0,1,1875,1561.965,0.5634794,23800,1
QUEE->NJSC,QUEE,NJSC,2026-05-04,1,0,0,0,0,1,1821,1528.555,0.55142677,23800,1
QUEE->NJSC,QUEE,NJSC,2026-05-05,1,0,0,0,0,1,1824,1508.675,0.5442551,23800,1
QUEE->NJSC,QUEE,NJSC,2026-05-06,1,0,0,0,0,1,1956,1638.951,0.59125215,23800,1
QUEE->NJSC,QUEE,NJSC,2026-05-07,1,0,0,0,0,1,1641,1376.771,0.49667063,23800,1
QUEE->NJSC,QUEE,NJSC,2026-05-08,1,0,0,0,0,1,1477,1232.808,0.44473594,23800,1
QUEE->NJSC,QUEE,NJSC,2026-05-09,1,0,0,0,0,1,1958,1640.542,0.59182614,23800,1
QUEE->NJSC,QUEE,NJSC,2026-05-10,1,0,0,0,0,1,1868,1568.466,0.5658247,23800,1
QUEE->NJSC,QUEE,NJSC,2026-05-11,1,0,0,0,0,1,1840,1531.175,0.5523719,23800,1
QUEE->NJSC,QUEE,NJSC,2026-05-12,1,0,0,0,0,1,1826,1524.135,0.5498322,23800,1
QUEE->NJSC,QUEE,NJSC,2026-05-13,1,0,0,0,0,1,1951,1640.429,0.5917854,23800,1
QUEE->NJSC,QUEE,NJSC,2026-05-14,1,0,0,0,0,1,1631,1354.033,0.4884679,23800,1
QUEE->NJSC,QUEE,NJSC,2026-05-15,1,0,0,0,0,1,1495,1254.257,0.45247367,23800,1
QUEE->NJSC,QUEE,NJSC,2026-05-16,1,0,0,0,0,1,1976,1649.961,0.595224,23800,1
QUEE->NJSC,QUEE,NJSC,2026-05-17,1,0,0,0,0,1,1849,1543.585,0.5568488,23800,1
QUEE->NJSC,QUEE,NJSC,2026-05-18,1,0,0,0,0,1,37,32.592,0.011757576,23800,1
QUEE->NJSC,QUEE,NJSC,2026-05-19,0,0,0,0,0,2,0,0.0,0.0,0,0
QUEE->NJSC,QUEE,NJSC,2026-05-20,0,0,0,0,0,2,0,0.0,0.0,0,0
QUEE->NJSC,QUEE,NJSC,2026-05-21,0,0,0,0,0,2,0,0.0,0.0,0,0
QUEE->NJSC,QUEE,NJSC,2026-05-22,0,0,0,0,0,2,0,0.0,0.0,0,0
QUEE->NJSC,QUEE,NJSC,2026-05-23,0,0,0,0,0,2,0,0.0,0.0,0,0
QUEE->NJSC,QUEE,NJSC,2026-05-24,0,0,0,0,0,2,0,0.0,0.0,0,0
QUEE->NJSC,QUEE,NJSC,2026-05-25,0,0,0,0,0,2,0,0.0,0.0,0,0
QUEE->NJSC,QUEE,NJSC,2026-05-26,0,0,0,0,0,2,0,0.0,0.0,0,0
QUEE->NJSC,QUEE,NJSC,2026-05-27,0,0,0,0,0,1,0,0.0,0.0,0,0
